zone,date,affected_hexes,affected_km2,high,medium
Arabian Peninsula & Red Sea,2022-03-07,2.0,3541.0,0.0,2.0
Arabian Peninsula & Red Sea,2022-03-14,,,,
Arabian Peninsula & Red Sea,2022-03-21,,,,
Arabian Peninsula & Red Sea,2022-03-28,,,,
Arabian Peninsula & Red Sea,2022-04-04,16.0,28326.0,7.0,9.0
Arabian Peninsula & Red Sea,2022-04-11,,,,
Arabian Peninsula & Red Sea,2022-04-18,,,,
Arabian Peninsula & Red Sea,2022-04-25,,,,
Arabian Peninsula & Red Sea,2022-05-02,,,,
Arabian Peninsula & Red Sea,2022-05-09,,,,
Arabian Peninsula & Red Sea,2022-05-16,,,,
Arabian Peninsula & Red Sea,2022-05-23,,,,
Arabian Peninsula & Red Sea,2022-05-30,,,,
Arabian Peninsula & Red Sea,2022-06-06,,,,
Arabian Peninsula & Red Sea,2022-06-13,,,,
Arabian Peninsula & Red Sea,2022-06-20,,,,
Arabian Peninsula & Red Sea,2022-06-27,,,,
Arabian Peninsula & Red Sea,2022-07-04,,,,
Arabian Peninsula & Red Sea,2022-07-11,,,,
Arabian Peninsula & Red Sea,2022-07-18,,,,
Arabian Peninsula & Red Sea,2022-07-25,,,,
Arabian Peninsula & Red Sea,2022-08-01,,,,
Arabian Peninsula & Red Sea,2022-08-08,,,,
Arabian Peninsula & Red Sea,2022-08-15,,,,
Arabian Peninsula & Red Sea,2022-08-22,,,,
Arabian Peninsula & Red Sea,2022-08-29,,,,
Arabian Peninsula & Red Sea,2022-09-05,,,,
Arabian Peninsula & Red Sea,2022-09-12,,,,
Arabian Peninsula & Red Sea,2022-09-19,,,,
Arabian Peninsula & Red Sea,2022-09-26,1.0,1770.0,0.0,1.0
Arabian Peninsula & Red Sea,2022-10-03,,,,
Arabian Peninsula & Red Sea,2022-10-10,,,,
Arabian Peninsula & Red Sea,2022-10-17,,,,
Arabian Peninsula & Red Sea,2022-10-24,1.0,1770.0,0.0,1.0
Arabian Peninsula & Red Sea,2022-10-31,,,,
Arabian Peninsula & Red Sea,2022-11-07,,,,
Arabian Peninsula & Red Sea,2022-11-14,,,,
Arabian Peninsula & Red Sea,2022-11-21,,,,
Arabian Peninsula & Red Sea,2022-11-28,,,,
Arabian Peninsula & Red Sea,2022-12-05,,,,
Arabian Peninsula & Red Sea,2022-12-12,,,,
Arabian Peninsula & Red Sea,2022-12-19,,,,
Arabian Peninsula & Red Sea,2022-12-26,,,,
Arabian Peninsula & Red Sea,2023-01-02,,,,
Arabian Peninsula & Red Sea,2023-01-09,,,,
Arabian Peninsula & Red Sea,2023-01-16,,,,
Arabian Peninsula & Red Sea,2023-01-23,,,,
Arabian Peninsula & Red Sea,2023-01-30,,,,
Arabian Peninsula & Red Sea,2023-02-06,,,,
Arabian Peninsula & Red Sea,2023-02-13,,,,
Arabian Peninsula & Red Sea,2023-02-20,,,,
Arabian Peninsula & Red Sea,2023-02-27,,,,
Arabian Peninsula & Red Sea,2023-03-06,,,,
Arabian Peninsula & Red Sea,2023-03-13,,,,
Arabian Peninsula & Red Sea,2023-03-20,,,,
Arabian Peninsula & Red Sea,2023-03-27,,,,
Arabian Peninsula & Red Sea,2023-04-03,,,,
Arabian Peninsula & Red Sea,2023-04-10,,,,
Arabian Peninsula & Red Sea,2023-04-17,,,,
Arabian Peninsula & Red Sea,2023-04-24,,,,
Arabian Peninsula & Red Sea,2023-05-01,,,,
Arabian Peninsula & Red Sea,2023-05-08,,,,
Arabian Peninsula & Red Sea,2023-05-15,,,,
Arabian Peninsula & Red Sea,2023-05-22,,,,
Arabian Peninsula & Red Sea,2023-05-29,,,,
Arabian Peninsula & Red Sea,2023-06-05,,,,
Arabian Peninsula & Red Sea,2023-06-12,,,,
Arabian Peninsula & Red Sea,2023-06-19,,,,
Arabian Peninsula & Red Sea,2023-06-26,,,,
Arabian Peninsula & Red Sea,2023-07-03,,,,
Arabian Peninsula & Red Sea,2023-07-10,1.0,2213.0,0.0,1.0
Arabian Peninsula & Red Sea,2023-07-17,,,,
Arabian Peninsula & Red Sea,2023-07-24,,,,
Arabian Peninsula & Red Sea,2023-07-31,,,,
Arabian Peninsula & Red Sea,2023-08-07,,,,
Arabian Peninsula & Red Sea,2023-08-14,,,,
Arabian Peninsula & Red Sea,2023-08-21,,,,
Arabian Peninsula & Red Sea,2023-08-28,,,,
Arabian Peninsula & Red Sea,2023-09-04,,,,
Arabian Peninsula & Red Sea,2023-09-11,,,,
Arabian Peninsula & Red Sea,2023-09-18,,,,
Arabian Peninsula & Red Sea,2023-09-25,,,,
Arabian Peninsula & Red Sea,2023-10-02,,,,
Arabian Peninsula & Red Sea,2023-10-09,,,,
Arabian Peninsula & Red Sea,2023-10-16,1.0,1770.0,0.0,1.0
Arabian Peninsula & Red Sea,2023-10-23,,,,
Arabian Peninsula & Red Sea,2023-10-30,,,,
Arabian Peninsula & Red Sea,2023-11-06,,,,
Arabian Peninsula & Red Sea,2023-11-13,,,,
Arabian Peninsula & Red Sea,2023-11-20,,,,
Arabian Peninsula & Red Sea,2023-11-27,,,,
Arabian Peninsula & Red Sea,2023-12-04,,,,
Arabian Peninsula & Red Sea,2023-12-11,,,,
Arabian Peninsula & Red Sea,2023-12-18,,,,
Arabian Peninsula & Red Sea,2023-12-25,,,,
Arabian Peninsula & Red Sea,2024-01-01,,,,
Arabian Peninsula & Red Sea,2024-01-08,,,,
Arabian Peninsula & Red Sea,2024-01-15,,,,
Arabian Peninsula & Red Sea,2024-01-22,,,,
Arabian Peninsula & Red Sea,2024-01-29,,,,
Arabian Peninsula & Red Sea,2024-02-05,,,,
Arabian Peninsula & Red Sea,2024-02-12,,,,
Arabian Peninsula & Red Sea,2024-02-19,,,,
Arabian Peninsula & Red Sea,2024-02-26,,,,
Arabian Peninsula & Red Sea,2024-03-04,,,,
Arabian Peninsula & Red Sea,2024-03-11,,,,
Arabian Peninsula & Red Sea,2024-03-18,,,,
Arabian Peninsula & Red Sea,2024-03-25,,,,
Arabian Peninsula & Red Sea,2024-04-01,,,,
Arabian Peninsula & Red Sea,2024-04-08,,,,
Arabian Peninsula & Red Sea,2024-04-15,,,,
Arabian Peninsula & Red Sea,2024-04-22,,,,
Arabian Peninsula & Red Sea,2024-04-29,3.0,5311.0,0.0,3.0
Arabian Peninsula & Red Sea,2024-05-06,2.0,3541.0,0.0,2.0
Arabian Peninsula & Red Sea,2024-05-13,1.0,1770.0,0.0,0.0
Arabian Peninsula & Red Sea,2024-05-20,,,,
Arabian Peninsula & Red Sea,2024-05-27,,,,
Arabian Peninsula & Red Sea,2024-06-03,,,,
Arabian Peninsula & Red Sea,2024-06-10,2.0,3541.0,1.0,1.0
Arabian Peninsula & Red Sea,2024-06-17,1.0,1770.0,0.0,1.0
Arabian Peninsula & Red Sea,2024-06-24,3.0,5016.0,0.0,2.0
Arabian Peninsula & Red Sea,2024-07-01,3.0,5817.0,1.0,2.0
Arabian Peninsula & Red Sea,2024-07-08,2.0,3541.0,0.0,2.0
Arabian Peninsula & Red Sea,2024-07-15,2.0,4426.0,2.0,1.0
Arabian Peninsula & Red Sea,2024-07-22,2.0,4131.0,0.0,2.0
Arabian Peninsula & Red Sea,2024-07-29,2.0,3541.0,1.0,1.0
Arabian Peninsula & Red Sea,2024-08-05,2.0,4299.0,0.0,2.0
Arabian Peninsula & Red Sea,2024-08-12,2.0,2656.0,0.0,2.0
Arabian Peninsula & Red Sea,2024-08-19,1.0,1770.0,0.0,1.0
Arabian Peninsula & Red Sea,2024-08-26,2.0,2656.0,0.0,1.0
Arabian Peninsula & Red Sea,2024-09-02,1.0,1770.0,0.0,1.0
Arabian Peninsula & Red Sea,2024-09-09,1.0,2360.0,0.0,1.0
Arabian Peninsula & Red Sea,2024-09-16,1.0,1770.0,1.0,0.0
Arabian Peninsula & Red Sea,2024-09-23,1.0,1770.0,1.0,0.0
Arabian Peninsula & Red Sea,2024-09-30,,,,
Arabian Peninsula & Red Sea,2024-10-07,,,,
Arabian Peninsula & Red Sea,2024-10-14,,,,
Arabian Peninsula & Red Sea,2024-10-21,1.0,1770.0,1.0,0.0
Arabian Peninsula & Red Sea,2024-10-28,,,,
Arabian Peninsula & Red Sea,2024-11-04,1.0,1770.0,1.0,0.0
Arabian Peninsula & Red Sea,2024-11-11,1.0,1770.0,0.0,1.0
Arabian Peninsula & Red Sea,2024-11-18,,,,
Arabian Peninsula & Red Sea,2024-11-25,,,,
Arabian Peninsula & Red Sea,2024-12-02,,,,
Arabian Peninsula & Red Sea,2024-12-09,,,,
Arabian Peninsula & Red Sea,2024-12-16,,,,
Arabian Peninsula & Red Sea,2024-12-23,1.0,1770.0,1.0,0.0
Arabian Peninsula & Red Sea,2024-12-30,,,,
Arabian Peninsula & Red Sea,2025-01-06,,,,
Arabian Peninsula & Red Sea,2025-01-13,,,,
Arabian Peninsula & Red Sea,2025-01-20,,,,
Arabian Peninsula & Red Sea,2025-01-27,,,,
Arabian Peninsula & Red Sea,2025-02-03,,,,
Arabian Peninsula & Red Sea,2025-02-10,,,,
Arabian Peninsula & Red Sea,2025-02-17,,,,
Arabian Peninsula & Red Sea,2025-02-24,,,,
Arabian Peninsula & Red Sea,2025-03-03,1.0,1770.0,0.0,1.0
Arabian Peninsula & Red Sea,2025-03-10,1.0,1770.0,0.0,1.0
Arabian Peninsula & Red Sea,2025-03-17,,,,
Arabian Peninsula & Red Sea,2025-03-24,,,,
Arabian Peninsula & Red Sea,2025-03-31,1.0,1770.0,0.0,1.0
Arabian Peninsula & Red Sea,2025-04-07,1.0,1770.0,0.0,1.0
Arabian Peninsula & Red Sea,2025-04-14,,,,
Arabian Peninsula & Red Sea,2025-04-21,,,,
Arabian Peninsula & Red Sea,2025-04-28,,,,
Arabian Peninsula & Red Sea,2025-05-05,,,,
Arabian Peninsula & Red Sea,2025-05-12,1.0,1770.0,0.0,1.0
Arabian Peninsula & Red Sea,2025-05-19,,,,
Arabian Peninsula & Red Sea,2025-05-26,1.0,1770.0,0.0,1.0
Arabian Peninsula & Red Sea,2025-06-02,1.0,1770.0,0.0,1.0
Arabian Peninsula & Red Sea,2025-06-09,1.0,1770.0,0.0,1.0
Arabian Peninsula & Red Sea,2025-06-16,,,,
Arabian Peninsula & Red Sea,2025-06-23,2.0,3895.0,1.0,1.0
Arabian Peninsula & Red Sea,2025-06-30,2.0,3541.0,2.0,0.0
Arabian Peninsula & Red Sea,2025-07-07,2.0,2656.0,0.0,1.0
Arabian Peninsula & Red Sea,2025-07-14,1.0,2360.0,1.0,0.0
Arabian Peninsula & Red Sea,2025-07-21,1.0,1770.0,1.0,0.0
Arabian Peninsula & Red Sea,2025-07-28,1.0,1770.0,0.0,0.0
Arabian Peninsula & Red Sea,2025-08-04,1.0,1770.0,1.0,0.0
Arabian Peninsula & Red Sea,2025-08-11,1.0,1770.0,1.0,0.0
Arabian Peninsula & Red Sea,2025-08-18,,,,
Arabian Peninsula & Red Sea,2025-08-25,1.0,1770.0,1.0,0.0
Arabian Peninsula & Red Sea,2025-09-01,,,,
Arabian Peninsula & Red Sea,2025-09-08,,,,
Arabian Peninsula & Red Sea,2025-09-15,1.0,1770.0,0.0,1.0
Arabian Peninsula & Red Sea,2025-09-22,1.0,1770.0,0.0,1.0
Arabian Peninsula & Red Sea,2025-09-29,,,,
Arabian Peninsula & Red Sea,2025-10-06,2.0,3098.0,0.0,2.0
Arabian Peninsula & Red Sea,2025-10-13,2.0,3541.0,0.0,2.0
Arabian Peninsula & Red Sea,2025-10-20,2.0,3983.0,1.0,2.0
Arabian Peninsula & Red Sea,2025-10-27,2.0,2782.0,0.0,1.0
Arabian Peninsula & Red Sea,2025-11-03,1.0,1770.0,0.0,1.0
Arabian Peninsula & Red Sea,2025-11-10,1.0,1770.0,0.0,1.0
Arabian Peninsula & Red Sea,2025-11-17,1.0,1770.0,0.0,1.0
Arabian Peninsula & Red Sea,2025-11-24,1.0,1770.0,0.0,1.0
Arabian Peninsula & Red Sea,2025-12-01,1.0,1770.0,0.0,1.0
Arabian Peninsula & Red Sea,2025-12-08,1.0,1770.0,0.0,1.0
Arabian Peninsula & Red Sea,2025-12-15,,,,
Arabian Peninsula & Red Sea,2025-12-22,,,,
Arabian Peninsula & Red Sea,2025-12-29,,,,
Arabian Peninsula & Red Sea,2026-01-05,1.0,1770.0,0.0,1.0
Arabian Peninsula & Red Sea,2026-01-12,2.0,3541.0,0.0,2.0
Arabian Peninsula & Red Sea,2026-01-19,,,,
Arabian Peninsula & Red Sea,2026-01-26,,,,
Arabian Peninsula & Red Sea,2026-02-02,,,,
Arabian Peninsula & Red Sea,2026-02-09,,,,
Arabian Peninsula & Red Sea,2026-02-16,,,,
Arabian Peninsula & Red Sea,2026-02-23,1.0,1770.0,1.0,0.0
Arabian Peninsula & Red Sea,2026-03-02,18.0,30981.0,11.0,6.0
Arabian Peninsula & Red Sea,2026-03-09,14.0,24026.0,8.0,6.0
Arabian Peninsula & Red Sea,2026-03-16,9.0,15225.0,5.0,4.0
Arabian Peninsula & Red Sea,2026-03-23,19.0,33384.0,11.0,8.0
Arabian Peninsula & Red Sea,2026-03-30,12.0,21750.0,5.0,7.0
Arabian Peninsula & Red Sea,2026-04-06,14.0,25544.0,4.0,10.0
Arabian Peninsula & Red Sea,2026-04-13,11.0,19474.0,3.0,8.0
Arabian Peninsula & Red Sea,2026-04-20,5.0,8852.0,0.0,4.0
Arabian Peninsula & Red Sea,2026-04-27,1.0,1770.0,0.0,1.0
Arabian Peninsula & Red Sea,2026-05-04,13.0,23015.0,0.0,13.0
Baltic Sea Region,2022-02-14,2.0,3541.0,2.0,0.0
Baltic Sea Region,2022-02-21,6.0,10116.0,3.0,3.0
Baltic Sea Region,2022-02-28,5.0,9105.0,3.0,2.0
Baltic Sea Region,2022-03-07,47.0,83206.0,26.0,21.0
Baltic Sea Region,2022-03-14,29.0,52099.0,19.0,10.0
Baltic Sea Region,2022-03-21,18.0,32625.0,10.0,8.0
Baltic Sea Region,2022-03-28,14.0,25544.0,11.0,4.0
Baltic Sea Region,2022-04-04,11.0,18968.0,7.0,4.0
Baltic Sea Region,2022-04-11,6.0,9737.0,4.0,2.0
Baltic Sea Region,2022-04-18,2.0,2951.0,0.0,2.0
Baltic Sea Region,2022-04-25,4.0,7840.0,2.0,3.0
Baltic Sea Region,2022-05-02,6.0,10369.0,3.0,3.0
Baltic Sea Region,2022-05-09,3.0,6070.0,2.0,2.0
Baltic Sea Region,2022-05-16,2.0,3288.0,1.0,1.0
Baltic Sea Region,2022-05-23,3.0,4552.0,1.0,2.0
Baltic Sea Region,2022-05-30,4.0,6323.0,1.0,3.0
Baltic Sea Region,2022-06-06,2.0,4299.0,1.0,1.0
Baltic Sea Region,2022-06-13,2.0,3541.0,1.0,1.0
Baltic Sea Region,2022-06-20,3.0,4805.0,1.0,2.0
Baltic Sea Region,2022-06-27,3.0,5817.0,1.0,2.0
Baltic Sea Region,2022-07-04,3.0,5606.0,1.0,2.0
Baltic Sea Region,2022-07-11,3.0,4868.0,0.0,2.0
Baltic Sea Region,2022-07-18,2.0,3288.0,1.0,1.0
Baltic Sea Region,2022-07-25,2.0,3794.0,1.0,1.0
Baltic Sea Region,2022-08-01,2.0,3794.0,1.0,1.0
Baltic Sea Region,2022-08-08,3.0,5564.0,1.0,2.0
Baltic Sea Region,2022-08-15,3.0,6070.0,2.0,2.0
Baltic Sea Region,2022-08-22,3.0,4552.0,1.0,2.0
Baltic Sea Region,2022-08-29,5.0,9358.0,2.0,3.0
Baltic Sea Region,2022-09-05,4.0,6323.0,1.0,3.0
Baltic Sea Region,2022-09-12,4.0,6828.0,2.0,2.0
Baltic Sea Region,2022-09-19,5.0,9442.0,1.0,4.0
Baltic Sea Region,2022-09-26,1.0,2276.0,0.0,1.0
Baltic Sea Region,2022-10-03,3.0,5606.0,0.0,3.0
Baltic Sea Region,2022-10-10,4.0,6576.0,1.0,3.0
Baltic Sea Region,2022-10-17,3.0,5311.0,1.0,2.0
Baltic Sea Region,2022-10-24,1.0,2529.0,0.0,1.0
Baltic Sea Region,2022-10-31,2.0,2656.0,0.0,1.0
Baltic Sea Region,2022-11-07,2.0,3794.0,0.0,2.0
Baltic Sea Region,2022-11-14,2.0,3035.0,0.0,1.0
Baltic Sea Region,2022-11-21,2.0,4047.0,0.0,2.0
Baltic Sea Region,2022-11-28,2.0,4426.0,1.0,2.0
Baltic Sea Region,2022-12-05,4.0,6828.0,1.0,3.0
Baltic Sea Region,2022-12-12,8.0,14416.0,4.0,5.0
Baltic Sea Region,2022-12-19,12.0,20738.0,6.0,6.0
Baltic Sea Region,2022-12-26,12.0,20485.0,7.0,5.0
Baltic Sea Region,2023-01-02,12.0,21834.0,7.0,5.0
Baltic Sea Region,2023-01-09,12.0,22003.0,8.0,5.0
Baltic Sea Region,2023-01-16,7.0,12687.0,4.0,3.0
Baltic Sea Region,2023-01-23,9.0,15343.0,5.0,4.0
Baltic Sea Region,2023-01-30,10.0,16945.0,5.0,5.0
Baltic Sea Region,2023-02-06,10.0,17198.0,6.0,4.0
Baltic Sea Region,2023-02-13,9.0,16692.0,6.0,4.0
Baltic Sea Region,2023-02-20,7.0,12392.0,4.0,3.0
Baltic Sea Region,2023-02-27,5.0,9105.0,2.0,3.0
Baltic Sea Region,2023-03-06,4.0,7967.0,0.0,4.0
Baltic Sea Region,2023-03-13,4.0,7587.0,1.0,3.0
Baltic Sea Region,2023-03-20,5.0,8852.0,1.0,4.0
Baltic Sea Region,2023-03-27,11.0,19474.0,5.0,6.0
Baltic Sea Region,2023-04-03,4.0,6576.0,1.0,3.0
Baltic Sea Region,2023-04-10,6.0,9863.0,2.0,4.0
Baltic Sea Region,2023-04-17,4.0,7334.0,2.0,2.0
Baltic Sea Region,2023-04-24,5.0,8093.0,3.0,2.0
Baltic Sea Region,2023-05-01,5.0,8346.0,2.0,2.0
Baltic Sea Region,2023-05-08,14.0,24279.0,6.0,7.0
Baltic Sea Region,2023-05-15,15.0,27061.0,6.0,9.0
Baltic Sea Region,2023-05-22,15.0,27061.0,9.0,6.0
Baltic Sea Region,2023-05-29,20.0,35660.0,9.0,11.0
Baltic Sea Region,2023-06-05,45.0,80424.0,19.0,27.0
Baltic Sea Region,2023-06-12,49.0,86241.0,35.0,14.0
Baltic Sea Region,2023-06-19,58.0,103186.0,45.0,13.0
Baltic Sea Region,2023-06-26,75.0,133282.0,53.0,23.0
Baltic Sea Region,2023-07-03,68.0,119625.0,55.0,12.0
Baltic Sea Region,2023-07-10,52.0,92817.0,42.0,10.0
Baltic Sea Region,2023-07-17,62.0,109003.0,47.0,14.0
Baltic Sea Region,2023-07-24,65.0,115326.0,52.0,13.0
Baltic Sea Region,2023-07-31,71.0,126200.0,49.0,23.0
Baltic Sea Region,2023-08-07,52.0,92311.0,36.0,16.0
Baltic Sea Region,2023-08-14,85.0,150480.0,62.0,23.0
Baltic Sea Region,2023-08-21,94.0,166160.0,68.0,26.0
Baltic Sea Region,2023-08-28,75.0,132523.0,53.0,22.0
Baltic Sea Region,2023-09-04,89.0,157055.0,66.0,23.0
Baltic Sea Region,2023-09-11,97.0,171218.0,71.0,26.0
Baltic Sea Region,2023-09-18,86.0,153009.0,60.0,27.0
Baltic Sea Region,2023-09-25,81.0,144157.0,55.0,27.0
Baltic Sea Region,2023-10-02,79.0,140616.0,54.0,25.0
Baltic Sea Region,2023-10-09,97.0,171471.0,60.0,37.0
Baltic Sea Region,2023-10-16,105.0,185634.0,72.0,33.0
Baltic Sea Region,2023-10-23,101.0,178046.0,58.0,42.0
Baltic Sea Region,2023-10-30,87.0,154779.0,57.0,30.0
Baltic Sea Region,2023-11-06,79.0,140363.0,55.0,25.0
Baltic Sea Region,2023-11-13,64.0,113049.0,48.0,16.0
Baltic Sea Region,2023-11-20,64.0,113555.0,46.0,19.0
Baltic Sea Region,2023-11-27,61.0,108244.0,46.0,15.0
Baltic Sea Region,2023-12-04,62.0,110267.0,45.0,17.0
Baltic Sea Region,2023-12-11,64.0,113049.0,50.0,14.0
Baltic Sea Region,2023-12-18,78.0,138593.0,38.0,40.0
Baltic Sea Region,2023-12-25,89.0,156802.0,48.0,40.0
Baltic Sea Region,2024-01-01,104.0,184116.0,62.0,42.0
Baltic Sea Region,2024-01-08,98.0,172988.0,45.0,52.0
Baltic Sea Region,2024-01-15,93.0,165401.0,53.0,41.0
Baltic Sea Region,2024-01-22,100.0,176276.0,59.0,41.0
Baltic Sea Region,2024-01-29,100.0,177625.0,55.0,45.0
Baltic Sea Region,2024-02-05,111.0,196214.0,73.0,38.0
Baltic Sea Region,2024-02-12,115.0,203337.0,67.0,48.0
Baltic Sea Region,2024-02-19,121.0,214718.0,72.0,49.0
Baltic Sea Region,2024-02-26,109.0,192715.0,71.0,38.0
Baltic Sea Region,2024-03-04,166.0,293878.0,112.0,54.0
Baltic Sea Region,2024-03-11,133.0,234698.0,78.0,55.0
Baltic Sea Region,2024-03-18,176.0,311834.0,126.0,51.0
Baltic Sea Region,2024-03-25,157.0,277439.0,107.0,50.0
Baltic Sea Region,2024-04-01,128.0,225846.0,87.0,40.0
Baltic Sea Region,2024-04-08,105.0,185887.0,78.0,27.0
Baltic Sea Region,2024-04-15,132.0,233939.0,82.0,50.0
Baltic Sea Region,2024-04-22,132.0,233686.0,89.0,43.0
Baltic Sea Region,2024-04-29,129.0,227616.0,90.0,39.0
Baltic Sea Region,2024-05-06,147.0,260241.0,99.0,48.0
Baltic Sea Region,2024-05-13,140.0,247849.0,97.0,43.0
Baltic Sea Region,2024-05-20,139.0,245573.0,91.0,48.0
Baltic Sea Region,2024-05-27,133.0,235962.0,86.0,48.0
Baltic Sea Region,2024-06-03,151.0,267828.0,99.0,53.0
Baltic Sea Region,2024-06-10,138.0,245067.0,95.0,44.0
Baltic Sea Region,2024-06-17,101.0,178805.0,65.0,36.0
Baltic Sea Region,2024-06-24,100.0,176782.0,68.0,32.0
Baltic Sea Region,2024-07-01,115.0,203084.0,64.0,50.0
Baltic Sea Region,2024-07-08,123.0,218511.0,68.0,56.0
Baltic Sea Region,2024-07-15,139.0,246786.0,90.0,49.0
Baltic Sea Region,2024-07-22,145.0,256448.0,99.0,46.0
Baltic Sea Region,2024-07-29,166.0,294384.0,117.0,49.0
Baltic Sea Region,2024-08-05,147.0,259988.0,108.0,39.0
Baltic Sea Region,2024-08-12,150.0,265299.0,112.0,38.0
Baltic Sea Region,2024-08-19,133.0,235456.0,92.0,41.0
Baltic Sea Region,2024-08-26,135.0,238491.0,98.0,36.0
Baltic Sea Region,2024-09-02,139.0,246331.0,100.0,39.0
Baltic Sea Region,2024-09-09,126.0,223064.0,97.0,29.0
Baltic Sea Region,2024-09-16,143.0,253918.0,109.0,34.0
Baltic Sea Region,2024-09-23,155.0,274151.0,113.0,42.0
Baltic Sea Region,2024-09-30,185.0,328020.0,135.0,51.0
Baltic Sea Region,2024-10-07,149.0,263529.0,100.0,49.0
Baltic Sea Region,2024-10-14,177.0,313352.0,127.0,50.0
Baltic Sea Region,2024-10-21,181.0,320433.0,133.0,48.0
Baltic Sea Region,2024-10-28,171.0,302729.0,125.0,46.0
Baltic Sea Region,2024-11-04,121.0,214718.0,77.0,44.0
Baltic Sea Region,2024-11-11,125.0,221293.0,81.0,44.0
Baltic Sea Region,2024-11-18,204.0,360898.0,146.0,57.0
Baltic Sea Region,2024-11-25,200.0,354828.0,143.0,57.0
Baltic Sea Region,2024-12-02,191.0,337631.0,134.0,56.0
Baltic Sea Region,2024-12-09,198.0,351288.0,142.0,57.0
Baltic Sea Region,2024-12-16,220.0,389476.0,155.0,65.0
Baltic Sea Region,2024-12-23,203.0,359886.0,142.0,61.0
Baltic Sea Region,2024-12-30,218.0,386695.0,159.0,60.0
Baltic Sea Region,2025-01-06,218.0,385177.0,154.0,64.0
Baltic Sea Region,2025-01-13,220.0,389831.0,164.0,56.0
Baltic Sea Region,2025-01-20,223.0,394282.0,164.0,59.0
Baltic Sea Region,2025-01-27,208.0,368485.0,146.0,62.0
Baltic Sea Region,2025-02-03,188.0,332572.0,135.0,53.0
Baltic Sea Region,2025-02-10,166.0,293625.0,121.0,45.0
Baltic Sea Region,2025-02-17,163.0,287808.0,122.0,41.0
Baltic Sea Region,2025-02-24,166.0,293119.0,122.0,44.0
Baltic Sea Region,2025-03-03,168.0,298177.0,123.0,46.0
Baltic Sea Region,2025-03-10,190.0,336366.0,139.0,51.0
Baltic Sea Region,2025-03-17,176.0,312340.0,126.0,50.0
Baltic Sea Region,2025-03-24,162.0,287302.0,117.0,45.0
Baltic Sea Region,2025-03-31,135.0,239756.0,91.0,44.0
Baltic Sea Region,2025-04-07,155.0,274151.0,115.0,40.0
Baltic Sea Region,2025-04-14,174.0,307535.0,125.0,49.0
Baltic Sea Region,2025-04-21,208.0,367726.0,149.0,59.0
Baltic Sea Region,2025-04-28,224.0,397064.0,158.0,66.0
Baltic Sea Region,2025-05-05,198.0,351035.0,144.0,55.0
Baltic Sea Region,2025-05-12,196.0,346735.0,140.0,56.0
Baltic Sea Region,2025-05-19,206.0,364692.0,146.0,60.0
Baltic Sea Region,2025-05-26,229.0,404904.0,170.0,59.0
Baltic Sea Region,2025-06-02,259.0,458267.0,159.0,99.0
Baltic Sea Region,2025-06-09,275.0,487351.0,203.0,72.0
Baltic Sea Region,2025-06-16,275.0,486846.0,209.0,66.0
Baltic Sea Region,2025-06-23,256.0,452450.0,175.0,80.0
Baltic Sea Region,2025-06-30,260.0,461049.0,182.0,78.0
Baltic Sea Region,2025-07-07,238.0,420584.0,156.0,82.0
Baltic Sea Region,2025-07-14,251.0,445116.0,160.0,92.0
Baltic Sea Region,2025-07-21,297.0,526299.0,172.0,125.0
Baltic Sea Region,2025-07-28,250.0,442587.0,154.0,96.0
Baltic Sea Region,2025-08-04,274.0,485075.0,193.0,81.0
Baltic Sea Region,2025-08-11,260.0,459532.0,167.0,92.0
Baltic Sea Region,2025-08-18,256.0,453209.0,154.0,102.0
Baltic Sea Region,2025-08-25,226.0,400351.0,136.0,90.0
Baltic Sea Region,2025-09-01,271.0,480270.0,164.0,108.0
Baltic Sea Region,2025-09-08,272.0,481535.0,162.0,110.0
Baltic Sea Region,2025-09-15,241.0,426148.0,121.0,120.0
Baltic Sea Region,2025-09-22,215.0,380878.0,103.0,112.0
Baltic Sea Region,2025-09-29,230.0,406421.0,109.0,120.0
Baltic Sea Region,2025-10-06,210.0,371014.0,107.0,103.0
Baltic Sea Region,2025-10-13,200.0,354575.0,86.0,114.0
Baltic Sea Region,2025-10-20,214.0,378096.0,104.0,110.0
Baltic Sea Region,2025-10-27,220.0,388971.0,119.0,100.0
Baltic Sea Region,2025-11-03,198.0,351288.0,88.0,110.0
Baltic Sea Region,2025-11-10,168.0,297418.0,77.0,91.0
Baltic Sea Region,2025-11-17,171.0,302982.0,71.0,100.0
Baltic Sea Region,2025-11-24,168.0,297924.0,84.0,84.0
Baltic Sea Region,2025-12-01,167.0,295901.0,74.0,93.0
Baltic Sea Region,2025-12-08,166.0,293119.0,78.0,88.0
Baltic Sea Region,2025-12-15,175.0,310064.0,78.0,97.0
Baltic Sea Region,2025-12-22,190.0,337125.0,97.0,94.0
Baltic Sea Region,2025-12-29,182.0,321697.0,99.0,83.0
Baltic Sea Region,2026-01-05,227.0,402375.0,155.0,72.0
Baltic Sea Region,2026-01-12,224.0,397064.0,149.0,75.0
Baltic Sea Region,2026-01-19,159.0,282244.0,82.0,78.0
Baltic Sea Region,2026-01-26,168.0,297418.0,82.0,86.0
Baltic Sea Region,2026-02-02,194.0,343447.0,122.0,72.0
Baltic Sea Region,2026-02-09,200.0,353817.0,118.0,82.0
Baltic Sea Region,2026-02-16,212.0,376072.0,125.0,88.0
Baltic Sea Region,2026-02-23,221.0,391247.0,142.0,79.0
Baltic Sea Region,2026-03-02,170.0,300453.0,98.0,72.0
Baltic Sea Region,2026-03-09,199.0,351793.0,108.0,91.0
Baltic Sea Region,2026-03-16,198.0,351288.0,105.0,93.0
Baltic Sea Region,2026-03-23,214.0,378854.0,111.0,103.0
Baltic Sea Region,2026-03-30,201.0,355587.0,109.0,92.0
Baltic Sea Region,2026-04-06,191.0,337378.0,101.0,89.0
Baltic Sea Region,2026-04-13,203.0,360139.0,104.0,99.0
Baltic Sea Region,2026-04-20,183.0,324564.0,87.0,96.0
Baltic Sea Region,2026-04-27,187.0,331814.0,89.0,98.0
Baltic Sea Region,2026-05-04,219.0,387706.0,103.0,116.0
Black Sea & Ukraine,2022-02-14,22.0,38948.0,15.0,7.0
Black Sea & Ukraine,2022-02-21,40.0,71573.0,18.0,23.0
Black Sea & Ukraine,2022-02-28,30.0,52605.0,6.0,24.0
Black Sea & Ukraine,2022-03-07,5.0,8346.0,2.0,2.0
Black Sea & Ukraine,2022-03-14,21.0,37936.0,7.0,14.0
Black Sea & Ukraine,2022-03-21,13.0,22256.0,4.0,8.0
Black Sea & Ukraine,2022-03-28,12.0,21750.0,4.0,9.0
Black Sea & Ukraine,2022-04-04,17.0,30349.0,5.0,13.0
Black Sea & Ukraine,2022-04-11,13.0,22256.0,4.0,9.0
Black Sea & Ukraine,2022-04-18,14.0,24026.0,3.0,10.0
Black Sea & Ukraine,2022-04-25,9.0,16692.0,3.0,7.0
Black Sea & Ukraine,2022-05-02,20.0,35407.0,5.0,15.0
Black Sea & Ukraine,2022-05-09,21.0,37177.0,7.0,14.0
Black Sea & Ukraine,2022-05-16,37.0,66262.0,12.0,25.0
Black Sea & Ukraine,2022-05-23,79.0,139099.0,44.0,34.0
Black Sea & Ukraine,2022-05-30,50.0,89276.0,15.0,36.0
Black Sea & Ukraine,2022-06-06,112.0,198279.0,72.0,40.0
Black Sea & Ukraine,2022-06-13,125.0,221648.0,78.0,47.0
Black Sea & Ukraine,2022-06-20,100.0,177541.0,65.0,35.0
Black Sea & Ukraine,2022-06-27,45.0,79413.0,19.0,26.0
Black Sea & Ukraine,2022-07-04,16.0,27820.0,6.0,10.0
Black Sea & Ukraine,2022-07-11,24.0,41983.0,7.0,16.0
Black Sea & Ukraine,2022-07-18,36.0,63985.0,7.0,29.0
Black Sea & Ukraine,2022-07-25,20.0,36166.0,6.0,14.0
Black Sea & Ukraine,2022-08-01,23.0,40212.0,8.0,15.0
Black Sea & Ukraine,2022-08-08,39.0,68285.0,19.0,20.0
Black Sea & Ukraine,2022-08-15,32.0,55892.0,9.0,22.0
Black Sea & Ukraine,2022-08-22,46.0,82195.0,16.0,31.0
Black Sea & Ukraine,2022-08-29,22.0,38442.0,6.0,16.0
Black Sea & Ukraine,2022-09-05,51.0,90035.0,19.0,32.0
Black Sea & Ukraine,2022-09-12,47.0,82953.0,21.0,25.0
Black Sea & Ukraine,2022-09-19,34.0,59433.0,10.0,24.0
Black Sea & Ukraine,2022-09-26,46.0,82195.0,20.0,26.0
Black Sea & Ukraine,2022-10-03,41.0,72331.0,15.0,25.0
Black Sea & Ukraine,2022-10-10,27.0,48052.0,4.0,23.0
Black Sea & Ukraine,2022-10-17,17.0,30804.0,2.0,16.0
Black Sea & Ukraine,2022-10-24,19.0,33131.0,3.0,16.0
Black Sea & Ukraine,2022-10-31,31.0,54122.0,9.0,21.0
Black Sea & Ukraine,2022-11-07,30.0,52858.0,6.0,24.0
Black Sea & Ukraine,2022-11-14,38.0,66767.0,15.0,23.0
Black Sea & Ukraine,2022-11-21,39.0,69549.0,10.0,29.0
Black Sea & Ukraine,2022-11-28,29.0,52099.0,11.0,18.0
Black Sea & Ukraine,2022-12-05,18.0,31360.0,5.0,13.0
Black Sea & Ukraine,2022-12-12,15.0,27314.0,5.0,11.0
Black Sea & Ukraine,2022-12-19,20.0,35660.0,6.0,14.0
Black Sea & Ukraine,2022-12-26,23.0,40465.0,8.0,15.0
Black Sea & Ukraine,2023-01-02,30.0,53701.0,8.0,22.0
Black Sea & Ukraine,2023-01-09,67.0,117855.0,42.0,25.0
Black Sea & Ukraine,2023-01-16,61.0,108244.0,30.0,31.0
Black Sea & Ukraine,2023-01-23,54.0,96357.0,28.0,26.0
Black Sea & Ukraine,2023-01-30,55.0,98128.0,31.0,25.0
Black Sea & Ukraine,2023-02-06,50.0,88264.0,26.0,24.0
Black Sea & Ukraine,2023-02-13,43.0,76631.0,19.0,24.0
Black Sea & Ukraine,2023-02-20,48.0,85483.0,25.0,23.0
Black Sea & Ukraine,2023-02-27,54.0,95346.0,30.0,23.0
Black Sea & Ukraine,2023-03-06,48.0,85483.0,28.0,20.0
Black Sea & Ukraine,2023-03-13,57.0,101163.0,31.0,26.0
Black Sea & Ukraine,2023-03-20,59.0,103692.0,39.0,20.0
Black Sea & Ukraine,2023-03-27,64.0,112796.0,38.0,25.0
Black Sea & Ukraine,2023-04-03,61.0,107991.0,35.0,26.0
Black Sea & Ukraine,2023-04-10,66.0,116843.0,42.0,24.0
Black Sea & Ukraine,2023-04-17,71.0,125442.0,41.0,30.0
Black Sea & Ukraine,2023-04-24,82.0,145169.0,54.0,28.0
Black Sea & Ukraine,2023-05-01,85.0,150732.0,52.0,33.0
Black Sea & Ukraine,2023-05-08,103.0,182093.0,74.0,29.0
Black Sea & Ukraine,2023-05-15,102.0,180323.0,68.0,34.0
Black Sea & Ukraine,2023-05-22,104.0,184622.0,58.0,46.0
Black Sea & Ukraine,2023-05-29,94.0,166413.0,64.0,30.0
Black Sea & Ukraine,2023-06-05,102.0,180828.0,65.0,37.0
Black Sea & Ukraine,2023-06-12,99.0,174506.0,60.0,38.0
Black Sea & Ukraine,2023-06-19,102.0,181081.0,63.0,39.0
Black Sea & Ukraine,2023-06-26,122.0,215224.0,71.0,51.0
Black Sea & Ukraine,2023-07-03,113.0,200808.0,75.0,38.0
Black Sea & Ukraine,2023-07-10,113.0,200049.0,73.0,40.0
Black Sea & Ukraine,2023-07-17,118.0,209407.0,74.0,44.0
Black Sea & Ukraine,2023-07-24,128.0,226099.0,85.0,42.0
Black Sea & Ukraine,2023-07-31,137.0,242285.0,84.0,52.0
Black Sea & Ukraine,2023-08-07,144.0,255183.0,85.0,59.0
Black Sea & Ukraine,2023-08-14,130.0,229892.0,81.0,49.0
Black Sea & Ukraine,2023-08-21,113.0,200808.0,69.0,45.0
Black Sea & Ukraine,2023-08-28,125.0,221293.0,77.0,48.0
Black Sea & Ukraine,2023-09-04,123.0,218006.0,75.0,48.0
Black Sea & Ukraine,2023-09-11,96.0,169700.0,67.0,29.0
Black Sea & Ukraine,2023-09-18,113.0,199543.0,76.0,37.0
Black Sea & Ukraine,2023-09-25,113.0,200808.0,72.0,41.0
Black Sea & Ukraine,2023-10-02,112.0,198532.0,68.0,44.0
Black Sea & Ukraine,2023-10-09,86.0,152756.0,59.0,28.0
Black Sea & Ukraine,2023-10-16,87.0,154020.0,58.0,29.0
Black Sea & Ukraine,2023-10-23,87.0,154020.0,55.0,32.0
Black Sea & Ukraine,2023-10-30,104.0,184369.0,62.0,42.0
Black Sea & Ukraine,2023-11-06,109.0,192209.0,67.0,42.0
Black Sea & Ukraine,2023-11-13,101.0,179311.0,61.0,40.0
Black Sea & Ukraine,2023-11-20,80.0,141628.0,54.0,26.0
Black Sea & Ukraine,2023-11-27,80.0,141375.0,48.0,32.0
Black Sea & Ukraine,2023-12-04,100.0,177035.0,66.0,34.0
Black Sea & Ukraine,2023-12-11,99.0,176023.0,65.0,34.0
Black Sea & Ukraine,2023-12-18,101.0,179058.0,67.0,34.0
Black Sea & Ukraine,2023-12-25,106.0,187151.0,64.0,42.0
Black Sea & Ukraine,2024-01-01,131.0,231663.0,77.0,54.0
Black Sea & Ukraine,2024-01-08,107.0,189174.0,66.0,41.0
Black Sea & Ukraine,2024-01-15,83.0,146686.0,54.0,29.0
Black Sea & Ukraine,2024-01-22,96.0,169448.0,58.0,38.0
Black Sea & Ukraine,2024-01-29,98.0,174084.0,57.0,41.0
Black Sea & Ukraine,2024-02-05,98.0,174379.0,64.0,34.0
Black Sea & Ukraine,2024-02-12,119.0,211177.0,68.0,51.0
Black Sea & Ukraine,2024-02-19,98.0,174000.0,63.0,35.0
Black Sea & Ukraine,2024-02-26,105.0,185634.0,61.0,44.0
Black Sea & Ukraine,2024-03-04,118.0,208142.0,80.0,38.0
Black Sea & Ukraine,2024-03-11,93.0,165401.0,64.0,29.0
Black Sea & Ukraine,2024-03-18,99.0,174759.0,69.0,30.0
Black Sea & Ukraine,2024-03-25,98.0,173241.0,66.0,32.0
Black Sea & Ukraine,2024-04-01,101.0,178046.0,54.0,46.0
Black Sea & Ukraine,2024-04-08,108.0,190945.0,58.0,50.0
Black Sea & Ukraine,2024-04-15,113.0,200808.0,71.0,42.0
Black Sea & Ukraine,2024-04-22,161.0,284773.0,110.0,51.0
Black Sea & Ukraine,2024-04-29,161.0,285026.0,113.0,48.0
Black Sea & Ukraine,2024-05-06,168.0,297165.0,116.0,52.0
Black Sea & Ukraine,2024-05-13,178.0,314616.0,118.0,60.0
Black Sea & Ukraine,2024-05-20,151.0,267070.0,96.0,55.0
Black Sea & Ukraine,2024-05-27,127.0,224581.0,80.0,47.0
Black Sea & Ukraine,2024-06-03,154.0,271875.0,102.0,52.0
Black Sea & Ukraine,2024-06-10,153.0,270610.0,98.0,55.0
Black Sea & Ukraine,2024-06-17,165.0,292360.0,114.0,51.0
Black Sea & Ukraine,2024-06-24,169.0,298683.0,101.0,68.0
Black Sea & Ukraine,2024-07-01,158.0,279209.0,96.0,62.0
Black Sea & Ukraine,2024-07-08,177.0,312846.0,118.0,59.0
Black Sea & Ukraine,2024-07-15,162.0,287504.0,102.0,61.0
Black Sea & Ukraine,2024-07-22,148.0,261253.0,92.0,56.0
Black Sea & Ukraine,2024-07-29,163.0,288061.0,101.0,62.0
Black Sea & Ukraine,2024-08-05,160.0,284014.0,104.0,56.0
Black Sea & Ukraine,2024-08-12,146.0,258977.0,93.0,53.0
Black Sea & Ukraine,2024-08-19,135.0,238997.0,83.0,52.0
Black Sea & Ukraine,2024-08-26,135.0,238997.0,84.0,51.0
Black Sea & Ukraine,2024-09-02,119.0,210166.0,77.0,42.0
Black Sea & Ukraine,2024-09-09,106.0,187151.0,69.0,37.0
Black Sea & Ukraine,2024-09-16,139.0,245573.0,91.0,48.0
Black Sea & Ukraine,2024-09-23,122.0,216488.0,78.0,44.0
Black Sea & Ukraine,2024-09-30,134.0,237732.0,80.0,55.0
Black Sea & Ukraine,2024-10-07,122.0,216488.0,78.0,44.0
Black Sea & Ukraine,2024-10-14,111.0,196256.0,70.0,41.0
Black Sea & Ukraine,2024-10-21,114.0,201820.0,62.0,52.0
Black Sea & Ukraine,2024-10-28,116.0,205360.0,74.0,42.0
Black Sea & Ukraine,2024-11-04,109.0,192209.0,64.0,45.0
Black Sea & Ukraine,2024-11-11,102.0,181334.0,58.0,45.0
Black Sea & Ukraine,2024-11-18,83.0,146686.0,52.0,30.0
Black Sea & Ukraine,2024-11-25,87.0,154020.0,46.0,41.0
Black Sea & Ukraine,2024-12-02,91.0,160343.0,48.0,42.0
Black Sea & Ukraine,2024-12-09,92.0,162366.0,49.0,42.0
Black Sea & Ukraine,2024-12-16,91.0,160343.0,46.0,45.0
Black Sea & Ukraine,2024-12-23,95.0,167424.0,54.0,40.0
Black Sea & Ukraine,2024-12-30,99.0,175264.0,55.0,44.0
Black Sea & Ukraine,2025-01-06,104.0,184622.0,61.0,44.0
Black Sea & Ukraine,2025-01-13,97.0,172078.0,60.0,38.0
Black Sea & Ukraine,2025-01-20,105.0,186139.0,61.0,44.0
Black Sea & Ukraine,2025-01-27,102.0,180323.0,58.0,44.0
Black Sea & Ukraine,2025-02-03,94.0,165907.0,55.0,39.0
Black Sea & Ukraine,2025-02-10,91.0,161355.0,51.0,40.0
Black Sea & Ukraine,2025-02-17,95.0,167424.0,55.0,39.0
Black Sea & Ukraine,2025-02-24,87.0,154020.0,49.0,38.0
Black Sea & Ukraine,2025-03-03,110.0,194738.0,64.0,46.0
Black Sea & Ukraine,2025-03-10,98.0,172735.0,51.0,46.0
Black Sea & Ukraine,2025-03-17,99.0,175770.0,54.0,45.0
Black Sea & Ukraine,2025-03-24,96.0,169448.0,55.0,41.0
Black Sea & Ukraine,2025-03-31,104.0,184116.0,67.0,37.0
Black Sea & Ukraine,2025-04-07,123.0,217500.0,72.0,51.0
Black Sea & Ukraine,2025-04-14,102.0,181081.0,51.0,51.0
Black Sea & Ukraine,2025-04-21,107.0,189427.0,57.0,50.0
Black Sea & Ukraine,2025-04-28,104.0,183610.0,62.0,42.0
Black Sea & Ukraine,2025-05-05,107.0,190186.0,52.0,55.0
Black Sea & Ukraine,2025-05-12,99.0,175264.0,57.0,42.0
Black Sea & Ukraine,2025-05-19,106.0,187952.0,57.0,50.0
Black Sea & Ukraine,2025-05-26,116.0,205107.0,60.0,56.0
Black Sea & Ukraine,2025-06-02,113.0,199291.0,68.0,45.0
Black Sea & Ukraine,2025-06-09,130.0,230398.0,70.0,60.0
Black Sea & Ukraine,2025-06-16,114.0,201820.0,71.0,43.0
Black Sea & Ukraine,2025-06-23,122.0,215477.0,77.0,45.0
Black Sea & Ukraine,2025-06-30,124.0,219776.0,73.0,51.0
Black Sea & Ukraine,2025-07-07,121.0,214718.0,71.0,51.0
Black Sea & Ukraine,2025-07-14,136.0,240261.0,69.0,66.0
Black Sea & Ukraine,2025-07-21,143.0,252654.0,78.0,64.0
Black Sea & Ukraine,2025-07-28,128.0,226857.0,64.0,65.0
Black Sea & Ukraine,2025-08-04,157.0,278450.0,87.0,70.0
Black Sea & Ukraine,2025-08-11,144.0,254424.0,77.0,67.0
Black Sea & Ukraine,2025-08-18,137.0,243043.0,77.0,60.0
Black Sea & Ukraine,2025-08-25,132.0,232927.0,78.0,53.0
Black Sea & Ukraine,2025-09-01,149.0,263782.0,78.0,71.0
Black Sea & Ukraine,2025-09-08,177.0,313352.0,96.0,81.0
Black Sea & Ukraine,2025-09-15,151.0,268081.0,82.0,69.0
Black Sea & Ukraine,2025-09-22,115.0,204096.0,61.0,54.0
Black Sea & Ukraine,2025-09-29,138.0,244055.0,80.0,58.0
Black Sea & Ukraine,2025-10-06,121.0,213453.0,74.0,46.0
Black Sea & Ukraine,2025-10-13,126.0,223570.0,70.0,56.0
Black Sea & Ukraine,2025-10-20,103.0,182599.0,61.0,43.0
Black Sea & Ukraine,2025-10-27,100.0,176276.0,58.0,42.0
Black Sea & Ukraine,2025-11-03,109.0,192462.0,56.0,52.0
Black Sea & Ukraine,2025-11-10,125.0,222052.0,70.0,56.0
Black Sea & Ukraine,2025-11-17,140.0,247343.0,80.0,60.0
Black Sea & Ukraine,2025-11-24,139.0,246584.0,75.0,64.0
Black Sea & Ukraine,2025-12-01,145.0,256448.0,74.0,71.0
Black Sea & Ukraine,2025-12-08,121.0,213706.0,64.0,57.0
Black Sea & Ukraine,2025-12-15,134.0,237479.0,72.0,62.0
Black Sea & Ukraine,2025-12-22,155.0,274657.0,78.0,77.0
Black Sea & Ukraine,2025-12-29,140.0,247090.0,72.0,67.0
Black Sea & Ukraine,2026-01-05,150.0,264793.0,81.0,69.0
Black Sea & Ukraine,2026-01-12,146.0,257712.0,68.0,78.0
Black Sea & Ukraine,2026-01-19,135.0,239503.0,75.0,60.0
Black Sea & Ukraine,2026-01-26,149.0,263023.0,78.0,70.0
Black Sea & Ukraine,2026-02-02,135.0,238997.0,77.0,58.0
Black Sea & Ukraine,2026-02-09,125.0,220535.0,64.0,61.0
Black Sea & Ukraine,2026-02-16,139.0,246837.0,74.0,66.0
Black Sea & Ukraine,2026-02-23,126.0,222558.0,62.0,63.0
Black Sea & Ukraine,2026-03-02,121.0,214212.0,61.0,60.0
Black Sea & Ukraine,2026-03-09,142.0,251136.0,63.0,79.0
Black Sea & Ukraine,2026-03-16,141.0,249113.0,65.0,75.0
Black Sea & Ukraine,2026-03-23,125.0,222052.0,63.0,62.0
Black Sea & Ukraine,2026-03-30,137.0,241779.0,65.0,72.0
Black Sea & Ukraine,2026-04-06,143.0,253413.0,66.0,77.0
Black Sea & Ukraine,2026-04-13,132.0,233939.0,67.0,65.0
Black Sea & Ukraine,2026-04-20,155.0,274994.0,77.0,78.0
Black Sea & Ukraine,2026-04-27,150.0,266311.0,76.0,75.0
Black Sea & Ukraine,2026-05-04,164.0,289452.0,80.0,83.0
Eastern Mediterranean & Levant,2022-02-14,48.0,84977.0,37.0,11.0
Eastern Mediterranean & Levant,2022-02-21,130.0,230904.0,102.0,29.0
Eastern Mediterranean & Levant,2022-02-28,118.0,209154.0,87.0,31.0
Eastern Mediterranean & Levant,2022-03-07,121.0,214465.0,89.0,32.0
Eastern Mediterranean & Levant,2022-03-14,102.0,181081.0,66.0,36.0
Eastern Mediterranean & Levant,2022-03-21,78.0,137328.0,41.0,36.0
Eastern Mediterranean & Levant,2022-03-28,85.0,151238.0,40.0,45.0
Eastern Mediterranean & Levant,2022-04-04,82.0,144410.0,41.0,41.0
Eastern Mediterranean & Levant,2022-04-11,90.0,158573.0,51.0,39.0
Eastern Mediterranean & Levant,2022-04-18,88.0,156296.0,52.0,36.0
Eastern Mediterranean & Levant,2022-04-25,107.0,189174.0,65.0,42.0
Eastern Mediterranean & Levant,2022-05-02,101.0,178046.0,62.0,38.0
Eastern Mediterranean & Levant,2022-05-09,84.0,148962.0,47.0,37.0
Eastern Mediterranean & Levant,2022-05-16,81.0,143651.0,42.0,39.0
Eastern Mediterranean & Levant,2022-05-23,77.0,136823.0,38.0,40.0
Eastern Mediterranean & Levant,2022-05-30,85.0,149721.0,53.0,32.0
Eastern Mediterranean & Levant,2022-06-06,107.0,189680.0,69.0,38.0
Eastern Mediterranean & Levant,2022-06-13,98.0,172786.0,62.0,35.0
Eastern Mediterranean & Levant,2022-06-20,113.0,200302.0,73.0,40.0
Eastern Mediterranean & Levant,2022-06-27,111.0,196761.0,55.0,56.0
Eastern Mediterranean & Levant,2022-07-04,124.0,219776.0,86.0,38.0
Eastern Mediterranean & Levant,2022-07-11,116.0,204602.0,67.0,48.0
Eastern Mediterranean & Levant,2022-07-18,93.0,163884.0,57.0,36.0
Eastern Mediterranean & Levant,2022-07-25,86.0,152250.0,47.0,39.0
Eastern Mediterranean & Levant,2022-08-01,75.0,133535.0,39.0,36.0
Eastern Mediterranean & Levant,2022-08-08,110.0,193980.0,69.0,40.0
Eastern Mediterranean & Levant,2022-08-15,111.0,196509.0,70.0,41.0
Eastern Mediterranean & Levant,2022-08-22,85.0,149974.0,44.0,40.0
Eastern Mediterranean & Levant,2022-08-29,81.0,142892.0,40.0,41.0
Eastern Mediterranean & Levant,2022-09-05,71.0,125189.0,39.0,31.0
Eastern Mediterranean & Levant,2022-09-12,63.0,111026.0,32.0,31.0
Eastern Mediterranean & Levant,2022-09-19,63.0,111532.0,32.0,31.0
Eastern Mediterranean & Levant,2022-09-26,67.0,117855.0,33.0,34.0
Eastern Mediterranean & Levant,2022-10-03,103.0,182346.0,66.0,37.0
Eastern Mediterranean & Levant,2022-10-10,97.0,172230.0,67.0,30.0
Eastern Mediterranean & Levant,2022-10-17,109.0,192614.0,72.0,37.0
Eastern Mediterranean & Levant,2022-10-24,111.0,197267.0,71.0,41.0
Eastern Mediterranean & Levant,2022-10-31,101.0,179311.0,56.0,45.0
Eastern Mediterranean & Levant,2022-11-07,113.0,199291.0,67.0,45.0
Eastern Mediterranean & Levant,2022-11-14,88.0,155032.0,48.0,40.0
Eastern Mediterranean & Levant,2022-11-21,93.0,164642.0,53.0,40.0
Eastern Mediterranean & Levant,2022-11-28,107.0,189427.0,67.0,40.0
Eastern Mediterranean & Levant,2022-12-05,79.0,139857.0,43.0,36.0
Eastern Mediterranean & Levant,2022-12-12,78.0,137328.0,38.0,39.0
Eastern Mediterranean & Levant,2022-12-19,71.0,124936.0,27.0,44.0
Eastern Mediterranean & Levant,2022-12-26,70.0,124177.0,27.0,43.0
Eastern Mediterranean & Levant,2023-01-02,55.0,97369.0,18.0,37.0
Eastern Mediterranean & Levant,2023-01-09,56.0,98887.0,20.0,36.0
Eastern Mediterranean & Levant,2023-01-16,47.0,83206.0,14.0,33.0
Eastern Mediterranean & Levant,2023-01-23,57.0,100657.0,20.0,37.0
Eastern Mediterranean & Levant,2023-01-30,46.0,81436.0,14.0,32.0
Eastern Mediterranean & Levant,2023-02-06,36.0,62974.0,10.0,25.0
Eastern Mediterranean & Levant,2023-02-13,39.0,69549.0,12.0,27.0
Eastern Mediterranean & Levant,2023-02-20,38.0,67273.0,12.0,26.0
Eastern Mediterranean & Levant,2023-02-27,44.0,77895.0,18.0,26.0
Eastern Mediterranean & Levant,2023-03-06,41.0,72078.0,14.0,26.0
Eastern Mediterranean & Levant,2023-03-13,46.0,82195.0,19.0,28.0
Eastern Mediterranean & Levant,2023-03-20,52.0,91299.0,26.0,26.0
Eastern Mediterranean & Levant,2023-03-27,64.0,112796.0,37.0,27.0
Eastern Mediterranean & Levant,2023-04-03,61.0,107232.0,34.0,26.0
Eastern Mediterranean & Levant,2023-04-10,57.0,101669.0,28.0,30.0
Eastern Mediterranean & Levant,2023-04-17,82.0,145674.0,39.0,43.0
Eastern Mediterranean & Levant,2023-04-24,53.0,94587.0,21.0,32.0
Eastern Mediterranean & Levant,2023-05-01,48.0,84724.0,21.0,27.0
Eastern Mediterranean & Levant,2023-05-08,72.0,127212.0,37.0,34.0
Eastern Mediterranean & Levant,2023-05-15,75.0,132017.0,31.0,43.0
Eastern Mediterranean & Levant,2023-05-22,57.0,100910.0,26.0,31.0
Eastern Mediterranean & Levant,2023-05-29,56.0,99139.0,24.0,32.0
Eastern Mediterranean & Levant,2023-06-05,99.0,174759.0,60.0,39.0
Eastern Mediterranean & Levant,2023-06-12,143.0,253918.0,111.0,32.0
Eastern Mediterranean & Levant,2023-06-19,130.0,230651.0,97.0,33.0
Eastern Mediterranean & Levant,2023-06-26,117.0,206625.0,86.0,31.0
Eastern Mediterranean & Levant,2023-07-03,117.0,207131.0,86.0,31.0
Eastern Mediterranean & Levant,2023-07-10,113.0,200049.0,85.0,28.0
Eastern Mediterranean & Levant,2023-07-17,114.0,201820.0,80.0,34.0
Eastern Mediterranean & Levant,2023-07-24,135.0,238238.0,102.0,33.0
Eastern Mediterranean & Levant,2023-07-31,146.0,259229.0,117.0,30.0
Eastern Mediterranean & Levant,2023-08-07,147.0,259482.0,114.0,32.0
Eastern Mediterranean & Levant,2023-08-14,150.0,265552.0,103.0,47.0
Eastern Mediterranean & Levant,2023-08-21,157.0,277439.0,125.0,32.0
Eastern Mediterranean & Levant,2023-08-28,150.0,265805.0,118.0,32.0
Eastern Mediterranean & Levant,2023-09-04,141.0,249113.0,103.0,37.0
Eastern Mediterranean & Levant,2023-09-11,116.0,205107.0,80.0,36.0
Eastern Mediterranean & Levant,2023-09-18,115.0,204349.0,80.0,36.0
Eastern Mediterranean & Levant,2023-09-25,108.0,191198.0,76.0,32.0
Eastern Mediterranean & Levant,2023-10-02,109.0,192462.0,83.0,26.0
Eastern Mediterranean & Levant,2023-10-09,130.0,229892.0,98.0,32.0
Eastern Mediterranean & Levant,2023-10-16,153.0,270104.0,110.0,42.0
Eastern Mediterranean & Levant,2023-10-23,125.0,221799.0,87.0,38.0
Eastern Mediterranean & Levant,2023-10-30,99.0,175264.0,71.0,28.0
Eastern Mediterranean & Levant,2023-11-06,117.0,206372.0,79.0,37.0
Eastern Mediterranean & Levant,2023-11-13,113.0,200302.0,77.0,36.0
Eastern Mediterranean & Levant,2023-11-20,101.0,178299.0,74.0,27.0
Eastern Mediterranean & Levant,2023-11-27,117.0,207889.0,87.0,30.0
Eastern Mediterranean & Levant,2023-12-04,115.0,203337.0,88.0,27.0
Eastern Mediterranean & Levant,2023-12-11,115.0,204096.0,87.0,28.0
Eastern Mediterranean & Levant,2023-12-18,108.0,191703.0,85.0,23.0
Eastern Mediterranean & Levant,2023-12-25,98.0,172735.0,75.0,23.0
Eastern Mediterranean & Levant,2024-01-01,110.0,193980.0,82.0,27.0
Eastern Mediterranean & Levant,2024-01-08,128.0,227363.0,92.0,36.0
Eastern Mediterranean & Levant,2024-01-15,117.0,207636.0,86.0,32.0
Eastern Mediterranean & Levant,2024-01-22,115.0,203084.0,80.0,35.0
Eastern Mediterranean & Levant,2024-01-29,112.0,198279.0,81.0,31.0
Eastern Mediterranean & Levant,2024-02-05,119.0,210376.0,80.0,39.0
Eastern Mediterranean & Levant,2024-02-12,123.0,216994.0,85.0,38.0
Eastern Mediterranean & Levant,2024-02-19,108.0,190945.0,81.0,26.0
Eastern Mediterranean & Levant,2024-02-26,113.0,199796.0,86.0,27.0
Eastern Mediterranean & Levant,2024-03-04,117.0,206878.0,89.0,28.0
Eastern Mediterranean & Levant,2024-03-11,126.0,222305.0,91.0,35.0
Eastern Mediterranean & Levant,2024-03-18,130.0,230904.0,94.0,36.0
Eastern Mediterranean & Levant,2024-03-25,132.0,234445.0,94.0,39.0
Eastern Mediterranean & Levant,2024-04-01,118.0,208395.0,84.0,34.0
Eastern Mediterranean & Levant,2024-04-08,179.0,316892.0,138.0,41.0
Eastern Mediterranean & Levant,2024-04-15,196.0,346735.0,144.0,52.0
Eastern Mediterranean & Levant,2024-04-22,182.0,322203.0,127.0,55.0
Eastern Mediterranean & Levant,2024-04-29,182.0,322203.0,116.0,66.0
Eastern Mediterranean & Levant,2024-05-06,170.0,301718.0,110.0,60.0
Eastern Mediterranean & Levant,2024-05-13,176.0,311328.0,119.0,56.0
Eastern Mediterranean & Levant,2024-05-20,194.0,343447.0,139.0,55.0
Eastern Mediterranean & Levant,2024-05-27,173.0,306017.0,117.0,56.0
Eastern Mediterranean & Levant,2024-06-03,184.0,326503.0,130.0,55.0
Eastern Mediterranean & Levant,2024-06-10,179.0,316386.0,126.0,53.0
Eastern Mediterranean & Levant,2024-06-17,189.0,334596.0,134.0,55.0
Eastern Mediterranean & Levant,2024-06-24,191.0,337378.0,136.0,54.0
Eastern Mediterranean & Levant,2024-07-01,188.0,332067.0,135.0,53.0
Eastern Mediterranean & Levant,2024-07-08,196.0,346735.0,139.0,57.0
Eastern Mediterranean & Levant,2024-07-15,193.0,340969.0,138.0,55.0
Eastern Mediterranean & Levant,2024-07-22,210.0,372532.0,154.0,57.0
Eastern Mediterranean & Levant,2024-07-29,209.0,370508.0,159.0,50.0
Eastern Mediterranean & Levant,2024-08-05,214.0,378349.0,160.0,53.0
Eastern Mediterranean & Levant,2024-08-12,217.0,384418.0,157.0,60.0
Eastern Mediterranean & Levant,2024-08-19,194.0,343953.0,140.0,54.0
Eastern Mediterranean & Levant,2024-08-26,200.0,353817.0,143.0,57.0
Eastern Mediterranean & Levant,2024-09-02,183.0,323468.0,126.0,57.0
Eastern Mediterranean & Levant,2024-09-09,166.0,293625.0,117.0,49.0
Eastern Mediterranean & Levant,2024-09-16,168.0,296913.0,112.0,56.0
Eastern Mediterranean & Levant,2024-09-23,166.0,294131.0,108.0,58.0
Eastern Mediterranean & Levant,2024-09-30,155.0,274910.0,111.0,45.0
Eastern Mediterranean & Levant,2024-10-07,151.0,268081.0,107.0,45.0
Eastern Mediterranean & Levant,2024-10-14,146.0,258977.0,100.0,46.0
Eastern Mediterranean & Levant,2024-10-21,124.0,220282.0,81.0,44.0
Eastern Mediterranean & Levant,2024-10-28,124.0,219523.0,84.0,40.0
Eastern Mediterranean & Levant,2024-11-04,140.0,247849.0,98.0,42.0
Eastern Mediterranean & Levant,2024-11-11,120.0,212442.0,76.0,44.0
Eastern Mediterranean & Levant,2024-11-18,121.0,214718.0,89.0,32.0
Eastern Mediterranean & Levant,2024-11-25,119.0,211430.0,82.0,37.0
Eastern Mediterranean & Levant,2024-12-02,107.0,189174.0,69.0,38.0
Eastern Mediterranean & Levant,2024-12-09,79.0,139352.0,46.0,33.0
Eastern Mediterranean & Levant,2024-12-16,60.0,105968.0,21.0,38.0
Eastern Mediterranean & Levant,2024-12-23,71.0,126453.0,33.0,39.0
Eastern Mediterranean & Levant,2024-12-30,73.0,129741.0,37.0,37.0
Eastern Mediterranean & Levant,2025-01-06,76.0,134799.0,42.0,34.0
Eastern Mediterranean & Levant,2025-01-13,69.0,122154.0,36.0,33.0
Eastern Mediterranean & Levant,2025-01-20,90.0,159331.0,46.0,44.0
Eastern Mediterranean & Levant,2025-01-27,69.0,121901.0,33.0,36.0
Eastern Mediterranean & Levant,2025-02-03,29.0,50581.0,7.0,22.0
Eastern Mediterranean & Levant,2025-02-10,22.0,38695.0,4.0,18.0
Eastern Mediterranean & Levant,2025-02-17,22.0,38442.0,4.0,18.0
Eastern Mediterranean & Levant,2025-02-24,19.0,33890.0,2.0,17.0
Eastern Mediterranean & Levant,2025-03-03,23.0,40718.0,4.0,19.0
Eastern Mediterranean & Levant,2025-03-10,30.0,52352.0,6.0,23.0
Eastern Mediterranean & Levant,2025-03-17,28.0,49570.0,7.0,21.0
Eastern Mediterranean & Levant,2025-03-24,53.0,93576.0,22.0,30.0
Eastern Mediterranean & Levant,2025-03-31,65.0,115831.0,38.0,28.0
Eastern Mediterranean & Levant,2025-04-07,67.0,119119.0,30.0,37.0
Eastern Mediterranean & Levant,2025-04-14,90.0,159837.0,54.0,36.0
Eastern Mediterranean & Levant,2025-04-21,85.0,150732.0,52.0,34.0
Eastern Mediterranean & Levant,2025-04-28,89.0,156802.0,56.0,32.0
Eastern Mediterranean & Levant,2025-05-05,89.0,157561.0,55.0,34.0
Eastern Mediterranean & Levant,2025-05-12,95.0,168942.0,66.0,30.0
Eastern Mediterranean & Levant,2025-05-19,97.0,171724.0,64.0,33.0
Eastern Mediterranean & Levant,2025-05-26,104.0,184622.0,67.0,37.0
Eastern Mediterranean & Levant,2025-06-02,97.0,172482.0,58.0,40.0
Eastern Mediterranean & Levant,2025-06-09,75.0,132523.0,42.0,33.0
Eastern Mediterranean & Levant,2025-06-16,116.0,205613.0,63.0,53.0
Eastern Mediterranean & Levant,2025-06-23,144.0,255183.0,83.0,61.0
Eastern Mediterranean & Levant,2025-06-30,58.0,102680.0,24.0,34.0
Eastern Mediterranean & Levant,2025-07-07,55.0,97116.0,20.0,35.0
Eastern Mediterranean & Levant,2025-07-14,40.0,70561.0,12.0,28.0
Eastern Mediterranean & Levant,2025-07-21,52.0,92817.0,19.0,34.0
Eastern Mediterranean & Levant,2025-07-28,51.0,90794.0,15.0,37.0
Eastern Mediterranean & Levant,2025-08-04,80.0,142134.0,29.0,51.0
Eastern Mediterranean & Levant,2025-08-11,52.0,91552.0,14.0,38.0
Eastern Mediterranean & Levant,2025-08-18,73.0,128477.0,25.0,48.0
Eastern Mediterranean & Levant,2025-08-25,36.0,62974.0,6.0,29.0
Eastern Mediterranean & Levant,2025-09-01,37.0,66009.0,7.0,30.0
Eastern Mediterranean & Levant,2025-09-08,62.0,109256.0,25.0,37.0
Eastern Mediterranean & Levant,2025-09-15,77.0,136317.0,33.0,44.0
Eastern Mediterranean & Levant,2025-09-22,49.0,87506.0,20.0,29.0
Eastern Mediterranean & Levant,2025-09-29,63.0,111279.0,28.0,35.0
Eastern Mediterranean & Levant,2025-10-06,59.0,104703.0,24.0,35.0
Eastern Mediterranean & Levant,2025-10-13,55.0,97622.0,21.0,35.0
Eastern Mediterranean & Levant,2025-10-20,33.0,58169.0,9.0,24.0
Eastern Mediterranean & Levant,2025-10-27,42.0,74860.0,17.0,25.0
Eastern Mediterranean & Levant,2025-11-03,49.0,86241.0,22.0,26.0
Eastern Mediterranean & Levant,2025-11-10,15.0,27061.0,1.0,14.0
Eastern Mediterranean & Levant,2025-11-17,35.0,61456.0,6.0,29.0
Eastern Mediterranean & Levant,2025-11-24,48.0,85735.0,19.0,30.0
Eastern Mediterranean & Levant,2025-12-01,66.0,117602.0,26.0,40.0
Eastern Mediterranean & Levant,2025-12-08,42.0,73849.0,13.0,29.0
Eastern Mediterranean & Levant,2025-12-15,50.0,89276.0,20.0,30.0
Eastern Mediterranean & Levant,2025-12-22,53.0,93828.0,17.0,36.0
Eastern Mediterranean & Levant,2025-12-29,34.0,59939.0,11.0,23.0
Eastern Mediterranean & Levant,2026-01-05,35.0,61203.0,10.0,24.0
Eastern Mediterranean & Levant,2026-01-12,26.0,45523.0,7.0,19.0
Eastern Mediterranean & Levant,2026-01-19,24.0,43247.0,7.0,18.0
Eastern Mediterranean & Levant,2026-01-26,36.0,63227.0,11.0,24.0
Eastern Mediterranean & Levant,2026-02-02,34.0,59939.0,10.0,23.0
Eastern Mediterranean & Levant,2026-02-09,44.0,78401.0,16.0,29.0
Eastern Mediterranean & Levant,2026-02-16,27.0,47294.0,4.0,23.0
Eastern Mediterranean & Levant,2026-02-23,22.0,38695.0,3.0,18.0
Eastern Mediterranean & Levant,2026-03-02,35.0,62468.0,21.0,14.0
Eastern Mediterranean & Levant,2026-03-09,136.0,241020.0,84.0,52.0
Eastern Mediterranean & Levant,2026-03-16,157.0,277186.0,99.0,58.0
Eastern Mediterranean & Levant,2026-03-23,149.0,263529.0,93.0,55.0
Eastern Mediterranean & Levant,2026-03-30,149.0,263276.0,91.0,58.0
Eastern Mediterranean & Levant,2026-04-06,158.0,279968.0,105.0,53.0
Eastern Mediterranean & Levant,2026-04-13,152.0,269346.0,80.0,72.0
Eastern Mediterranean & Levant,2026-04-20,178.0,314237.0,84.0,93.0
Eastern Mediterranean & Levant,2026-04-27,172.0,303994.0,82.0,90.0
Eastern Mediterranean & Levant,2026-05-04,170.0,301402.0,65.0,105.0
Middle East (Iraq/Iran),2022-02-14,4.0,7081.0,4.0,0.0
Middle East (Iraq/Iran),2022-02-21,19.0,33890.0,14.0,5.0
Middle East (Iraq/Iran),2022-02-28,17.0,30855.0,12.0,6.0
Middle East (Iraq/Iran),2022-03-07,14.0,25544.0,10.0,5.0
Middle East (Iraq/Iran),2022-03-14,13.0,22762.0,9.0,4.0
Middle East (Iraq/Iran),2022-03-21,19.0,33637.0,12.0,7.0
Middle East (Iraq/Iran),2022-03-28,17.0,29337.0,12.0,5.0
Middle East (Iraq/Iran),2022-04-04,17.0,30349.0,11.0,6.0
Middle East (Iraq/Iran),2022-04-11,15.0,26555.0,10.0,5.0
Middle East (Iraq/Iran),2022-04-18,10.0,18589.0,8.0,2.0
Middle East (Iraq/Iran),2022-04-25,11.0,19980.0,8.0,3.0
Middle East (Iraq/Iran),2022-05-02,13.0,23015.0,10.0,3.0
Middle East (Iraq/Iran),2022-05-09,17.0,30349.0,11.0,6.0
Middle East (Iraq/Iran),2022-05-16,16.0,27820.0,10.0,6.0
Middle East (Iraq/Iran),2022-05-23,19.0,33384.0,12.0,7.0
Middle East (Iraq/Iran),2022-05-30,11.0,18715.0,8.0,3.0
Middle East (Iraq/Iran),2022-06-06,13.0,22509.0,8.0,4.0
Middle East (Iraq/Iran),2022-06-13,15.0,26201.0,8.0,7.0
Middle East (Iraq/Iran),2022-06-20,19.0,33384.0,11.0,8.0
Middle East (Iraq/Iran),2022-06-27,18.0,31108.0,11.0,6.0
Middle East (Iraq/Iran),2022-07-04,16.0,29084.0,9.0,8.0
Middle East (Iraq/Iran),2022-07-11,20.0,35407.0,11.0,9.0
Middle East (Iraq/Iran),2022-07-18,25.0,44765.0,15.0,11.0
Middle East (Iraq/Iran),2022-07-25,20.0,34901.0,11.0,8.0
Middle East (Iraq/Iran),2022-08-01,16.0,28073.0,10.0,6.0
Middle East (Iraq/Iran),2022-08-08,12.0,21750.0,9.0,3.0
Middle East (Iraq/Iran),2022-08-15,11.0,19980.0,8.0,3.0
Middle East (Iraq/Iran),2022-08-22,13.0,23773.0,10.0,4.0
Middle East (Iraq/Iran),2022-08-29,8.0,14871.0,6.0,2.0
Middle East (Iraq/Iran),2022-09-05,10.0,18412.0,7.0,3.0
Middle East (Iraq/Iran),2022-09-12,15.0,26302.0,10.0,5.0
Middle East (Iraq/Iran),2022-09-19,18.0,31866.0,13.0,5.0
Middle East (Iraq/Iran),2022-09-26,18.0,32372.0,12.0,6.0
Middle East (Iraq/Iran),2022-10-03,15.0,27314.0,11.0,4.0
Middle East (Iraq/Iran),2022-10-10,14.0,25038.0,10.0,4.0
Middle East (Iraq/Iran),2022-10-17,15.0,25847.0,10.0,4.0
Middle East (Iraq/Iran),2022-10-24,14.0,25038.0,11.0,4.0
Middle East (Iraq/Iran),2022-10-31,16.0,28326.0,11.0,5.0
Middle East (Iraq/Iran),2022-11-07,15.0,27314.0,11.0,4.0
Middle East (Iraq/Iran),2022-11-14,15.0,26049.0,10.0,4.0
Middle East (Iraq/Iran),2022-11-21,15.0,27314.0,11.0,4.0
Middle East (Iraq/Iran),2022-11-28,15.0,27314.0,11.0,5.0
Middle East (Iraq/Iran),2022-12-05,16.0,29084.0,11.0,5.0
Middle East (Iraq/Iran),2022-12-12,17.0,30096.0,10.0,7.0
Middle East (Iraq/Iran),2022-12-19,14.0,25544.0,10.0,4.0
Middle East (Iraq/Iran),2022-12-26,13.0,23773.0,10.0,3.0
Middle East (Iraq/Iran),2023-01-02,14.0,24195.0,11.0,3.0
Middle East (Iraq/Iran),2023-01-09,15.0,26260.0,11.0,4.0
Middle East (Iraq/Iran),2023-01-16,8.0,14871.0,7.0,2.0
Middle East (Iraq/Iran),2023-01-23,9.0,15933.0,7.0,2.0
Middle East (Iraq/Iran),2023-01-30,10.0,18589.0,8.0,3.0
Middle East (Iraq/Iran),2023-02-06,1.0,1770.0,0.0,1.0
Middle East (Iraq/Iran),2023-02-13,2.0,2656.0,0.0,1.0
Middle East (Iraq/Iran),2023-02-20,,,,
Middle East (Iraq/Iran),2023-02-27,2.0,2656.0,0.0,2.0
Middle East (Iraq/Iran),2023-03-06,2.0,4426.0,0.0,2.0
Middle East (Iraq/Iran),2023-03-13,1.0,1770.0,0.0,1.0
Middle East (Iraq/Iran),2023-03-20,2.0,2951.0,1.0,1.0
Middle East (Iraq/Iran),2023-03-27,11.0,19179.0,8.0,3.0
Middle East (Iraq/Iran),2023-04-03,12.0,20485.0,9.0,2.0
Middle East (Iraq/Iran),2023-04-10,12.0,20485.0,9.0,3.0
Middle East (Iraq/Iran),2023-04-17,13.0,23773.0,9.0,4.0
Middle East (Iraq/Iran),2023-04-24,5.0,8409.0,4.0,1.0
Middle East (Iraq/Iran),2023-05-01,9.0,15933.0,7.0,2.0
Middle East (Iraq/Iran),2023-05-08,1.0,1770.0,0.0,0.0
Middle East (Iraq/Iran),2023-05-15,1.0,1770.0,1.0,0.0
Middle East (Iraq/Iran),2023-05-22,1.0,1770.0,0.0,1.0
Middle East (Iraq/Iran),2023-05-29,2.0,3541.0,0.0,2.0
Middle East (Iraq/Iran),2023-06-05,7.0,12392.0,5.0,2.0
Middle East (Iraq/Iran),2023-06-12,1.0,1770.0,0.0,1.0
Middle East (Iraq/Iran),2023-06-19,1.0,1770.0,1.0,0.0
Middle East (Iraq/Iran),2023-06-26,11.0,19916.0,7.0,4.0
Middle East (Iraq/Iran),2023-07-03,20.0,34901.0,11.0,9.0
Middle East (Iraq/Iran),2023-07-10,13.0,23605.0,9.0,5.0
Middle East (Iraq/Iran),2023-07-17,1.0,1770.0,0.0,1.0
Middle East (Iraq/Iran),2023-07-24,14.0,25375.0,9.0,5.0
Middle East (Iraq/Iran),2023-07-31,6.0,11330.0,5.0,1.0
Middle East (Iraq/Iran),2023-08-07,7.0,11950.0,5.0,2.0
Middle East (Iraq/Iran),2023-08-14,16.0,27820.0,10.0,6.0
Middle East (Iraq/Iran),2023-08-21,17.0,29590.0,11.0,6.0
Middle East (Iraq/Iran),2023-08-28,17.0,30602.0,11.0,7.0
Middle East (Iraq/Iran),2023-09-04,24.0,41983.0,13.0,11.0
Middle East (Iraq/Iran),2023-09-11,7.0,12392.0,5.0,2.0
Middle East (Iraq/Iran),2023-09-18,2.0,3895.0,1.0,1.0
Middle East (Iraq/Iran),2023-09-25,1.0,1770.0,0.0,0.0
Middle East (Iraq/Iran),2023-10-02,2.0,3035.0,1.0,0.0
Middle East (Iraq/Iran),2023-10-09,4.0,7081.0,2.0,2.0
Middle East (Iraq/Iran),2023-10-16,6.0,10116.0,3.0,2.0
Middle East (Iraq/Iran),2023-10-23,12.0,21244.0,8.0,4.0
Middle East (Iraq/Iran),2023-10-30,17.0,29337.0,11.0,6.0
Middle East (Iraq/Iran),2023-11-06,16.0,27820.0,11.0,4.0
Middle East (Iraq/Iran),2023-11-13,19.0,33890.0,11.0,8.0
Middle East (Iraq/Iran),2023-11-20,18.0,32625.0,10.0,8.0
Middle East (Iraq/Iran),2023-11-27,19.0,33131.0,10.0,9.0
Middle East (Iraq/Iran),2023-12-04,19.0,33131.0,10.0,9.0
Middle East (Iraq/Iran),2023-12-11,16.0,28326.0,9.0,7.0
Middle East (Iraq/Iran),2023-12-18,6.0,10116.0,4.0,2.0
Middle East (Iraq/Iran),2023-12-25,13.0,22762.0,8.0,5.0
Middle East (Iraq/Iran),2024-01-01,22.0,38442.0,13.0,9.0
Middle East (Iraq/Iran),2024-01-08,19.0,34142.0,11.0,8.0
Middle East (Iraq/Iran),2024-01-15,18.0,32119.0,9.0,9.0
Middle East (Iraq/Iran),2024-01-22,18.0,31866.0,10.0,8.0
Middle East (Iraq/Iran),2024-01-29,19.0,34227.0,11.0,9.0
Middle East (Iraq/Iran),2024-02-05,18.0,32161.0,10.0,8.0
Middle East (Iraq/Iran),2024-02-12,17.0,30602.0,11.0,6.0
Middle East (Iraq/Iran),2024-02-19,19.0,33890.0,11.0,8.0
Middle East (Iraq/Iran),2024-02-26,16.0,28326.0,11.0,5.0
Middle East (Iraq/Iran),2024-03-04,17.0,30855.0,11.0,6.0
Middle East (Iraq/Iran),2024-03-11,18.0,31866.0,11.0,7.0
Middle East (Iraq/Iran),2024-03-18,17.0,30096.0,11.0,6.0
Middle East (Iraq/Iran),2024-03-25,13.0,23015.0,9.0,4.0
Middle East (Iraq/Iran),2024-04-01,12.0,21497.0,10.0,2.0
Middle East (Iraq/Iran),2024-04-08,18.0,31276.0,10.0,8.0
Middle East (Iraq/Iran),2024-04-15,18.0,32119.0,11.0,7.0
Middle East (Iraq/Iran),2024-04-22,21.0,37936.0,13.0,9.0
Middle East (Iraq/Iran),2024-04-29,20.0,34901.0,11.0,9.0
Middle East (Iraq/Iran),2024-05-06,18.0,32372.0,12.0,6.0
Middle East (Iraq/Iran),2024-05-13,19.0,33890.0,13.0,6.0
Middle East (Iraq/Iran),2024-05-20,17.0,30855.0,11.0,6.0
Middle East (Iraq/Iran),2024-05-27,21.0,36419.0,13.0,7.0
Middle East (Iraq/Iran),2024-06-03,20.0,34901.0,12.0,8.0
Middle East (Iraq/Iran),2024-06-10,21.0,37177.0,13.0,8.0
Middle East (Iraq/Iran),2024-06-17,21.0,37177.0,13.0,8.0
Middle East (Iraq/Iran),2024-06-24,20.0,35913.0,13.0,8.0
Middle East (Iraq/Iran),2024-07-01,20.0,35660.0,13.0,7.0
Middle East (Iraq/Iran),2024-07-08,21.0,37177.0,12.0,9.0
Middle East (Iraq/Iran),2024-07-15,20.0,35761.0,12.0,8.0
Middle East (Iraq/Iran),2024-07-22,18.0,31613.0,11.0,7.0
Middle East (Iraq/Iran),2024-07-29,16.0,28073.0,11.0,5.0
Middle East (Iraq/Iran),2024-08-05,18.0,32119.0,12.0,7.0
Middle East (Iraq/Iran),2024-08-12,14.0,24279.0,10.0,4.0
Middle East (Iraq/Iran),2024-08-19,18.0,31360.0,11.0,7.0
Middle East (Iraq/Iran),2024-08-26,17.0,30855.0,10.0,7.0
Middle East (Iraq/Iran),2024-09-02,17.0,30349.0,11.0,6.0
Middle East (Iraq/Iran),2024-09-09,15.0,26808.0,9.0,6.0
Middle East (Iraq/Iran),2024-09-16,16.0,27567.0,9.0,7.0
Middle East (Iraq/Iran),2024-09-23,16.0,28073.0,10.0,6.0
Middle East (Iraq/Iran),2024-09-30,16.0,27567.0,10.0,5.0
Middle East (Iraq/Iran),2024-10-07,14.0,24785.0,9.0,5.0
Middle East (Iraq/Iran),2024-10-14,15.0,26049.0,9.0,5.0
Middle East (Iraq/Iran),2024-10-21,13.0,23267.0,9.0,4.0
Middle East (Iraq/Iran),2024-10-28,14.0,25291.0,9.0,5.0
Middle East (Iraq/Iran),2024-11-04,14.0,24785.0,10.0,4.0
Middle East (Iraq/Iran),2024-11-11,15.0,25796.0,7.0,7.0
Middle East (Iraq/Iran),2024-11-18,15.0,26808.0,10.0,5.0
Middle East (Iraq/Iran),2024-11-25,16.0,28578.0,9.0,7.0
Middle East (Iraq/Iran),2024-12-02,17.0,29843.0,10.0,7.0
Middle East (Iraq/Iran),2024-12-09,15.0,26555.0,9.0,6.0
Middle East (Iraq/Iran),2024-12-16,16.0,27567.0,10.0,6.0
Middle East (Iraq/Iran),2024-12-23,14.0,25291.0,10.0,4.0
Middle East (Iraq/Iran),2024-12-30,15.0,27314.0,11.0,4.0
Middle East (Iraq/Iran),2025-01-06,18.0,31360.0,11.0,6.0
Middle East (Iraq/Iran),2025-01-13,21.0,37885.0,10.0,11.0
Middle East (Iraq/Iran),2025-01-20,23.0,41477.0,11.0,12.0
Middle East (Iraq/Iran),2025-01-27,20.0,35154.0,11.0,9.0
Middle East (Iraq/Iran),2025-02-03,20.0,35913.0,10.0,11.0
Middle East (Iraq/Iran),2025-02-10,19.0,34395.0,8.0,11.0
Middle East (Iraq/Iran),2025-02-17,23.0,40465.0,10.0,13.0
Middle East (Iraq/Iran),2025-02-24,21.0,36924.0,11.0,10.0
Middle East (Iraq/Iran),2025-03-03,23.0,39959.0,11.0,12.0
Middle East (Iraq/Iran),2025-03-10,16.0,27567.0,11.0,5.0
Middle East (Iraq/Iran),2025-03-17,19.0,33890.0,12.0,8.0
Middle East (Iraq/Iran),2025-03-24,16.0,27567.0,8.0,7.0
Middle East (Iraq/Iran),2025-03-31,17.0,29843.0,10.0,7.0
Middle East (Iraq/Iran),2025-04-07,16.0,27820.0,10.0,6.0
Middle East (Iraq/Iran),2025-04-14,17.0,30602.0,11.0,6.0
Middle East (Iraq/Iran),2025-04-21,15.0,26049.0,11.0,4.0
Middle East (Iraq/Iran),2025-04-28,13.0,23015.0,7.0,6.0
Middle East (Iraq/Iran),2025-05-05,17.0,29337.0,9.0,8.0
Middle East (Iraq/Iran),2025-05-12,18.0,31108.0,9.0,8.0
Middle East (Iraq/Iran),2025-05-19,14.0,24195.0,1.0,13.0
Middle East (Iraq/Iran),2025-05-26,4.0,6196.0,0.0,4.0
Middle East (Iraq/Iran),2025-06-02,4.0,6373.0,0.0,4.0
Middle East (Iraq/Iran),2025-06-09,3.0,4721.0,0.0,3.0
Middle East (Iraq/Iran),2025-06-16,51.0,90583.0,14.0,38.0
Middle East (Iraq/Iran),2025-06-23,111.0,197014.0,50.0,61.0
Middle East (Iraq/Iran),2025-06-30,64.0,112544.0,22.0,41.0
Middle East (Iraq/Iran),2025-07-07,57.0,100151.0,23.0,34.0
Middle East (Iraq/Iran),2025-07-14,60.0,105968.0,32.0,28.0
Middle East (Iraq/Iran),2025-07-21,47.0,83712.0,27.0,20.0
Middle East (Iraq/Iran),2025-07-28,32.0,56061.0,15.0,16.0
Middle East (Iraq/Iran),2025-08-04,37.0,64997.0,19.0,17.0
Middle East (Iraq/Iran),2025-08-11,30.0,52858.0,12.0,18.0
Middle East (Iraq/Iran),2025-08-18,13.0,23015.0,5.0,8.0
Middle East (Iraq/Iran),2025-08-25,9.0,15174.0,3.0,6.0
Middle East (Iraq/Iran),2025-09-01,16.0,28831.0,5.0,12.0
Middle East (Iraq/Iran),2025-09-08,26.0,45523.0,9.0,17.0
Middle East (Iraq/Iran),2025-09-15,32.0,56651.0,10.0,22.0
Middle East (Iraq/Iran),2025-09-22,22.0,39453.0,5.0,17.0
Middle East (Iraq/Iran),2025-09-29,3.0,4552.0,1.0,1.0
Middle East (Iraq/Iran),2025-10-06,40.0,71573.0,14.0,26.0
Middle East (Iraq/Iran),2025-10-13,10.0,17703.0,3.0,7.0
Middle East (Iraq/Iran),2025-10-20,3.0,5311.0,1.0,2.0
Middle East (Iraq/Iran),2025-10-27,7.0,12140.0,3.0,4.0
Middle East (Iraq/Iran),2025-11-03,9.0,15680.0,3.0,6.0
Middle East (Iraq/Iran),2025-11-10,2.0,4426.0,1.0,1.0
Middle East (Iraq/Iran),2025-11-17,4.0,6323.0,1.0,2.0
Middle East (Iraq/Iran),2025-11-24,6.0,10622.0,2.0,4.0
Middle East (Iraq/Iran),2025-12-01,16.0,28831.0,4.0,12.0
Middle East (Iraq/Iran),2025-12-08,12.0,22129.0,2.0,10.0
Middle East (Iraq/Iran),2025-12-15,12.0,21539.0,3.0,9.0
Middle East (Iraq/Iran),2025-12-22,3.0,6070.0,0.0,3.0
Middle East (Iraq/Iran),2025-12-29,8.0,13573.0,2.0,6.0
Middle East (Iraq/Iran),2026-01-05,9.0,16186.0,1.0,8.0
Middle East (Iraq/Iran),2026-01-12,22.0,38442.0,7.0,15.0
Middle East (Iraq/Iran),2026-01-19,6.0,10875.0,0.0,6.0
Middle East (Iraq/Iran),2026-01-26,6.0,10622.0,1.0,5.0
Middle East (Iraq/Iran),2026-02-02,39.0,69296.0,21.0,18.0
Middle East (Iraq/Iran),2026-02-09,38.0,66767.0,18.0,19.0
Middle East (Iraq/Iran),2026-02-16,37.0,64744.0,18.0,18.0
Middle East (Iraq/Iran),2026-02-23,48.0,84977.0,31.0,17.0
Middle East (Iraq/Iran),2026-03-02,38.0,67779.0,23.0,15.0
Middle East (Iraq/Iran),2026-03-09,74.0,131512.0,57.0,17.0
Middle East (Iraq/Iran),2026-03-16,99.0,175264.0,78.0,21.0
Middle East (Iraq/Iran),2026-03-23,97.0,171977.0,76.0,21.0
Middle East (Iraq/Iran),2026-03-30,92.0,163125.0,60.0,32.0
Middle East (Iraq/Iran),2026-04-06,106.0,187151.0,71.0,35.0
Middle East (Iraq/Iran),2026-04-13,83.0,146433.0,47.0,35.0
Middle East (Iraq/Iran),2026-04-20,38.0,67863.0,16.0,23.0
Middle East (Iraq/Iran),2026-04-27,48.0,84218.0,24.0,24.0
Middle East (Iraq/Iran),2026-05-04,56.0,98254.0,21.0,34.0
Other,2022-02-14,66.0,116843.0,28.0,38.0
Other,2022-02-21,123.0,217247.0,64.0,59.0
Other,2022-02-28,118.0,209407.0,53.0,65.0
Other,2022-03-07,124.0,219523.0,57.0,67.0
Other,2022-03-14,141.0,248860.0,48.0,93.0
Other,2022-03-21,108.0,190945.0,52.0,56.0
Other,2022-03-28,104.0,184622.0,48.0,56.0
Other,2022-04-04,132.0,233433.0,53.0,79.0
Other,2022-04-11,104.0,184622.0,41.0,63.0
Other,2022-04-18,100.0,176782.0,40.0,60.0
Other,2022-04-25,109.0,192462.0,48.0,60.0
Other,2022-05-02,115.0,204096.0,45.0,71.0
Other,2022-05-09,118.0,208901.0,56.0,62.0
Other,2022-05-16,115.0,203843.0,52.0,63.0
Other,2022-05-23,114.0,201061.0,46.0,68.0
Other,2022-05-30,90.0,160090.0,36.0,55.0
Other,2022-06-06,111.0,197267.0,42.0,70.0
Other,2022-06-13,114.0,201820.0,44.0,70.0
Other,2022-06-20,121.0,214212.0,49.0,72.0
Other,2022-06-27,127.0,225593.0,54.0,74.0
Other,2022-07-04,137.0,242791.0,62.0,75.0
Other,2022-07-11,121.0,213959.0,44.0,77.0
Other,2022-07-18,126.0,223064.0,43.0,83.0
Other,2022-07-25,153.0,271369.0,60.0,93.0
Other,2022-08-01,129.0,228628.0,65.0,64.0
Other,2022-08-08,179.0,316386.0,95.0,84.0
Other,2022-08-15,166.0,293372.0,85.0,81.0
Other,2022-08-22,174.0,308799.0,84.0,91.0
Other,2022-08-29,178.0,315375.0,84.0,94.0
Other,2022-09-05,154.0,272381.0,83.0,71.0
Other,2022-09-12,153.0,270357.0,73.0,80.0
Other,2022-09-19,141.0,249619.0,67.0,74.0
Other,2022-09-26,129.0,227869.0,58.0,70.0
Other,2022-10-03,173.0,306523.0,85.0,89.0
Other,2022-10-10,150.0,265552.0,74.0,76.0
Other,2022-10-17,134.0,236873.0,61.0,73.0
Other,2022-10-24,117.0,206625.0,60.0,56.0
Other,2022-10-31,122.0,215477.0,65.0,57.0
Other,2022-11-07,127.0,224834.0,67.0,60.0
Other,2022-11-14,115.0,203084.0,55.0,60.0
Other,2022-11-21,117.0,206878.0,58.0,59.0
Other,2022-11-28,116.0,204602.0,62.0,53.0
Other,2022-12-05,137.0,242791.0,78.0,59.0
Other,2022-12-12,170.0,300706.0,96.0,74.0
Other,2022-12-19,233.0,412997.0,132.0,101.0
Other,2022-12-26,202.0,358369.0,127.0,76.0
Other,2023-01-02,214.0,377969.0,96.0,118.0
Other,2023-01-09,223.0,395293.0,102.0,121.0
Other,2023-01-16,204.0,361151.0,108.0,96.0
Other,2023-01-23,209.0,370508.0,108.0,101.0
Other,2023-01-30,184.0,324985.0,95.0,89.0
Other,2023-02-06,168.0,296660.0,85.0,82.0
Other,2023-02-13,168.0,297924.0,78.0,90.0
Other,2023-02-20,189.0,333837.0,98.0,91.0
Other,2023-02-27,187.0,331561.0,99.0,88.0
Other,2023-03-06,203.0,358875.0,108.0,95.0
Other,2023-03-13,203.0,359633.0,101.0,102.0
Other,2023-03-20,222.0,393017.0,114.0,108.0
Other,2023-03-27,232.0,410974.0,128.0,104.0
Other,2023-04-03,270.0,478247.0,162.0,108.0
Other,2023-04-10,285.0,504296.0,173.0,112.0
Other,2023-04-17,260.0,460290.0,162.0,98.0
Other,2023-04-24,260.0,459785.0,162.0,98.0
Other,2023-05-01,225.0,398834.0,146.0,79.0
Other,2023-05-08,220.0,389729.0,148.0,72.0
Other,2023-05-15,243.0,429942.0,149.0,94.0
Other,2023-05-22,253.0,447898.0,150.0,103.0
Other,2023-05-29,242.0,427918.0,170.0,72.0
Other,2023-06-05,285.0,504549.0,188.0,97.0
Other,2023-06-12,284.0,503032.0,198.0,86.0
Other,2023-06-19,285.0,504802.0,185.0,101.0
Other,2023-06-26,267.0,472430.0,176.0,91.0
Other,2023-07-03,324.0,574351.0,208.0,117.0
Other,2023-07-10,301.0,532622.0,212.0,89.0
Other,2023-07-17,301.0,532369.0,183.0,118.0
Other,2023-07-24,304.0,538944.0,189.0,116.0
Other,2023-07-31,313.0,554878.0,185.0,129.0
Other,2023-08-07,251.0,445116.0,151.0,101.0
Other,2023-08-14,336.0,595090.0,219.0,117.0
Other,2023-08-21,344.0,609758.0,230.0,114.0
Other,2023-08-28,319.0,565500.0,219.0,101.0
Other,2023-09-04,338.0,599136.0,230.0,108.0
Other,2023-09-11,323.0,572328.0,219.0,105.0
Other,2023-09-18,326.0,576375.0,215.0,111.0
Other,2023-09-25,282.0,499997.0,182.0,100.0
Other,2023-10-02,261.0,462061.0,184.0,77.0
Other,2023-10-09,230.0,407180.0,161.0,69.0
Other,2023-10-16,269.0,476476.0,180.0,89.0
Other,2023-10-23,298.0,528069.0,191.0,107.0
Other,2023-10-30,279.0,493421.0,172.0,107.0
Other,2023-11-06,279.0,493927.0,176.0,103.0
Other,2023-11-13,240.0,425642.0,160.0,80.0
Other,2023-11-20,251.0,444863.0,169.0,82.0
Other,2023-11-27,245.0,434494.0,167.0,78.0
Other,2023-12-04,259.0,458773.0,168.0,91.0
Other,2023-12-11,268.0,474959.0,159.0,109.0
Other,2023-12-18,255.0,451186.0,163.0,92.0
Other,2023-12-25,257.0,454474.0,165.0,91.0
Other,2024-01-01,261.0,462061.0,171.0,90.0
Other,2024-01-08,266.0,470407.0,168.0,98.0
Other,2024-01-15,270.0,478753.0,168.0,103.0
Other,2024-01-22,277.0,490386.0,166.0,111.0
Other,2024-01-29,191.0,338136.0,112.0,80.0
Other,2024-02-05,267.0,473273.0,158.0,110.0
Other,2024-02-12,251.0,444357.0,132.0,119.0
Other,2024-02-19,272.0,481029.0,153.0,119.0
Other,2024-02-26,234.0,414514.0,124.0,110.0
Other,2024-03-04,300.0,530851.0,167.0,133.0
Other,2024-03-11,247.0,438035.0,145.0,103.0
Other,2024-03-18,295.0,522000.0,172.0,123.0
Other,2024-03-25,272.0,481535.0,160.0,112.0
Other,2024-04-01,272.0,481535.0,144.0,128.0
Other,2024-04-08,305.0,540715.0,175.0,130.0
Other,2024-04-15,300.0,530598.0,179.0,121.0
Other,2024-04-22,267.0,472177.0,153.0,114.0
Other,2024-04-29,291.0,515930.0,175.0,117.0
Other,2024-05-06,285.0,504802.0,170.0,115.0
Other,2024-05-13,271.0,480270.0,157.0,114.0
Other,2024-05-20,320.0,566005.0,191.0,128.0
Other,2024-05-27,278.0,491398.0,174.0,104.0
Other,2024-06-03,329.0,581686.0,193.0,135.0
Other,2024-06-10,350.0,618863.0,215.0,134.0
Other,2024-06-17,359.0,635555.0,222.0,137.0
Other,2024-06-24,338.0,597619.0,209.0,129.0
Other,2024-07-01,350.0,618863.0,208.0,142.0
Other,2024-07-08,367.0,650223.0,227.0,140.0
Other,2024-07-15,378.0,668837.0,227.0,151.0
Other,2024-07-22,371.0,656799.0,227.0,144.0
Other,2024-07-29,381.0,674755.0,226.0,155.0
Other,2024-08-05,395.0,699793.0,247.0,148.0
Other,2024-08-12,400.0,707886.0,250.0,150.0
Other,2024-08-19,401.0,709151.0,253.0,147.0
Other,2024-08-26,414.0,732924.0,263.0,151.0
Other,2024-09-02,402.0,711680.0,278.0,124.0
Other,2024-09-09,358.0,633784.0,239.0,119.0
Other,2024-09-16,395.0,699287.0,246.0,149.0
Other,2024-09-23,382.0,675767.0,238.0,144.0
Other,2024-09-30,399.0,706875.0,234.0,165.0
Other,2024-10-07,336.0,594078.0,211.0,125.0
Other,2024-10-14,350.0,619622.0,229.0,121.0
Other,2024-10-21,359.0,636314.0,231.0,129.0
Other,2024-10-28,404.0,715979.0,222.0,183.0
Other,2024-11-04,330.0,584468.0,207.0,123.0
Other,2024-11-11,339.0,600401.0,199.0,140.0
Other,2024-11-18,381.0,675261.0,224.0,157.0
Other,2024-11-25,433.0,766055.0,260.0,172.0
Other,2024-12-02,391.0,691700.0,243.0,147.0
Other,2024-12-09,432.0,764537.0,254.0,178.0
Other,2024-12-16,444.0,785529.0,254.0,190.0
Other,2024-12-23,440.0,779712.0,258.0,182.0
Other,2024-12-30,440.0,778194.0,271.0,168.0
Other,2025-01-06,420.0,742787.0,277.0,143.0
Other,2025-01-13,470.0,831709.0,296.0,174.0
Other,2025-01-20,424.0,750374.0,260.0,164.0
Other,2025-01-27,441.0,781229.0,265.0,177.0
Other,2025-02-03,426.0,754168.0,263.0,163.0
Other,2025-02-10,407.0,720784.0,254.0,153.0
Other,2025-02-17,413.0,731659.0,267.0,146.0
Other,2025-02-24,400.0,707633.0,259.0,141.0
Other,2025-03-03,423.0,749616.0,257.0,167.0
Other,2025-03-10,407.0,720279.0,248.0,159.0
Other,2025-03-17,462.0,817901.0,295.0,167.0
Other,2025-03-24,405.0,716485.0,255.0,150.0
Other,2025-03-31,415.0,734947.0,262.0,153.0
Other,2025-04-07,476.0,842938.0,291.0,185.0
Other,2025-04-14,444.0,785781.0,277.0,166.0
Other,2025-04-21,454.0,802979.0,294.0,160.0
Other,2025-04-28,448.0,792863.0,299.0,149.0
Other,2025-05-05,458.0,811072.0,276.0,183.0
Other,2025-05-12,446.0,790081.0,271.0,175.0
Other,2025-05-19,455.0,804918.0,243.0,212.0
Other,2025-05-26,417.0,737982.0,229.0,187.0
Other,2025-06-02,430.0,761755.0,248.0,182.0
Other,2025-06-09,452.0,799944.0,260.0,192.0
Other,2025-06-16,449.0,795645.0,265.0,185.0
Other,2025-06-23,461.0,816383.0,279.0,182.0
Other,2025-06-30,482.0,853308.0,281.0,201.0
Other,2025-07-07,483.0,854319.0,307.0,176.0
Other,2025-07-14,538.0,952194.0,289.0,249.0
Other,2025-07-21,526.0,930444.0,294.0,232.0
Other,2025-07-28,407.0,721037.0,221.0,187.0
Other,2025-08-04,494.0,875058.0,287.0,207.0
Other,2025-08-11,462.0,817395.0,255.0,207.0
Other,2025-08-18,442.0,782241.0,248.0,194.0
Other,2025-08-25,423.0,749110.0,234.0,189.0
Other,2025-09-01,375.0,663122.0,213.0,162.0
Other,2025-09-08,430.0,761249.0,258.0,172.0
Other,2025-09-15,446.0,789575.0,262.0,184.0
Other,2025-09-22,421.0,745063.0,240.0,181.0
Other,2025-09-29,402.0,712438.0,225.0,177.0
Other,2025-10-06,402.0,710921.0,230.0,172.0
Other,2025-10-13,349.0,618357.0,207.0,143.0
Other,2025-10-20,349.0,617346.0,191.0,158.0
Other,2025-10-27,359.0,636314.0,185.0,174.0
Other,2025-11-03,327.0,578651.0,184.0,143.0
Other,2025-11-10,324.0,573593.0,176.0,148.0
Other,2025-11-17,341.0,603689.0,200.0,141.0
Other,2025-11-24,352.0,623415.0,210.0,142.0
Other,2025-12-01,348.0,616081.0,223.0,125.0
Other,2025-12-08,401.0,709657.0,241.0,160.0
Other,2025-12-15,379.0,670709.0,219.0,159.0
Other,2025-12-22,412.0,729889.0,257.0,155.0
Other,2025-12-29,433.0,765802.0,276.0,157.0
Other,2026-01-05,425.0,751892.0,278.0,147.0
Other,2026-01-12,459.0,812590.0,290.0,169.0
Other,2026-01-19,410.0,725084.0,262.0,148.0
Other,2026-01-26,400.0,707633.0,242.0,157.0
Other,2026-02-02,411.0,727360.0,244.0,166.0
Other,2026-02-09,353.0,624427.0,210.0,143.0
Other,2026-02-16,395.0,699793.0,237.0,158.0
Other,2026-02-23,367.0,648959.0,221.0,145.0
Other,2026-03-02,300.0,530851.0,165.0,135.0
Other,2026-03-09,322.0,569293.0,188.0,133.0
Other,2026-03-16,309.0,546279.0,171.0,138.0
Other,2026-03-23,298.0,528069.0,170.0,128.0
Other,2026-03-30,352.0,623162.0,205.0,147.0
Other,2026-04-06,312.0,552096.0,162.0,149.0
Other,2026-04-13,335.0,592308.0,183.0,152.0
Other,2026-04-20,292.0,516351.0,152.0,140.0
Other,2026-04-27,298.0,527311.0,137.0,161.0
Other,2026-05-04,355.0,628473.0,136.0,219.0
South Asia,2022-02-21,4.0,6196.0,0.0,4.0
South Asia,2022-02-28,1.0,1770.0,0.0,1.0
South Asia,2022-03-07,2.0,3541.0,1.0,1.0
South Asia,2022-03-14,1.0,1770.0,0.0,1.0
South Asia,2022-03-21,1.0,1770.0,0.0,0.0
South Asia,2022-03-28,,,,
South Asia,2022-04-04,,,,
South Asia,2022-04-11,2.0,3541.0,0.0,2.0
South Asia,2022-04-18,,,,
South Asia,2022-04-25,2.0,3541.0,0.0,2.0
South Asia,2022-05-02,,,,
South Asia,2022-05-09,,,,
South Asia,2022-05-16,,,,
South Asia,2022-05-23,3.0,5311.0,0.0,3.0
South Asia,2022-05-30,,,,
South Asia,2022-06-06,,,,
South Asia,2022-06-13,,,,
South Asia,2022-06-20,2.0,3541.0,0.0,2.0
South Asia,2022-06-27,2.0,3541.0,0.0,2.0
South Asia,2022-07-04,1.0,2213.0,0.0,1.0
South Asia,2022-07-11,4.0,7672.0,0.0,4.0
South Asia,2022-07-18,1.0,2360.0,0.0,1.0
South Asia,2022-07-25,1.0,1770.0,0.0,1.0
South Asia,2022-08-01,1.0,2360.0,0.0,1.0
South Asia,2022-08-08,3.0,5311.0,0.0,3.0
South Asia,2022-08-15,8.0,14517.0,2.0,6.0
South Asia,2022-08-22,4.0,6639.0,0.0,4.0
South Asia,2022-08-29,1.0,1770.0,0.0,1.0
South Asia,2022-09-05,2.0,4131.0,0.0,2.0
South Asia,2022-09-12,6.0,10622.0,1.0,5.0
South Asia,2022-09-19,,,,
South Asia,2022-09-26,3.0,5901.0,0.0,3.0
South Asia,2022-10-03,1.0,1770.0,0.0,1.0
South Asia,2022-10-10,4.0,7790.0,1.0,3.0
South Asia,2022-10-17,,,,
South Asia,2022-10-24,2.0,2656.0,0.0,2.0
South Asia,2022-10-31,1.0,1770.0,0.0,1.0
South Asia,2022-11-07,4.0,7790.0,0.0,4.0
South Asia,2022-11-14,4.0,7967.0,1.0,4.0
South Asia,2022-11-21,5.0,8557.0,1.0,4.0
South Asia,2022-11-28,7.0,11684.0,1.0,5.0
South Asia,2022-12-05,8.0,13657.0,3.0,5.0
South Asia,2022-12-12,7.0,13151.0,2.0,5.0
South Asia,2022-12-19,7.0,12983.0,2.0,5.0
South Asia,2022-12-26,5.0,9358.0,1.0,5.0
South Asia,2023-01-02,5.0,8557.0,1.0,4.0
South Asia,2023-01-09,7.0,11887.0,1.0,6.0
South Asia,2023-01-16,11.0,19727.0,1.0,10.0
South Asia,2023-01-23,11.0,18968.0,2.0,9.0
South Asia,2023-01-30,21.0,37683.0,4.0,17.0
South Asia,2023-02-06,18.0,31866.0,2.0,16.0
South Asia,2023-02-13,17.0,29590.0,2.0,14.0
South Asia,2023-02-20,14.0,24279.0,2.0,12.0
South Asia,2023-02-27,19.0,32878.0,3.0,16.0
South Asia,2023-03-06,17.0,30855.0,3.0,14.0
South Asia,2023-03-13,11.0,20233.0,2.0,9.0
South Asia,2023-03-20,11.0,19980.0,2.0,9.0
South Asia,2023-03-27,9.0,16439.0,2.0,7.0
South Asia,2023-04-03,13.0,22509.0,4.0,8.0
South Asia,2023-04-10,13.0,23015.0,5.0,8.0
South Asia,2023-04-17,11.0,19474.0,4.0,7.0
South Asia,2023-04-24,10.0,16945.0,2.0,7.0
South Asia,2023-05-01,12.0,20485.0,3.0,9.0
South Asia,2023-05-08,26.0,46788.0,5.0,21.0
South Asia,2023-05-15,24.0,42488.0,7.0,17.0
South Asia,2023-05-22,17.0,29590.0,3.0,13.0
South Asia,2023-05-29,19.0,33637.0,3.0,16.0
South Asia,2023-06-05,22.0,39453.0,6.0,16.0
South Asia,2023-06-12,20.0,35154.0,5.0,15.0
South Asia,2023-06-19,19.0,34395.0,3.0,16.0
South Asia,2023-06-26,18.0,31613.0,3.0,14.0
South Asia,2023-07-03,13.0,23267.0,2.0,11.0
South Asia,2023-07-10,11.0,19727.0,1.0,10.0
South Asia,2023-07-17,16.0,29084.0,6.0,11.0
South Asia,2023-07-24,18.0,31866.0,5.0,13.0
South Asia,2023-07-31,14.0,25291.0,3.0,11.0
South Asia,2023-08-07,16.0,27820.0,3.0,12.0
South Asia,2023-08-14,14.0,24279.0,2.0,12.0
South Asia,2023-08-21,14.0,24532.0,2.0,12.0
South Asia,2023-08-28,15.0,27061.0,3.0,12.0
South Asia,2023-09-04,15.0,26555.0,3.0,12.0
South Asia,2023-09-11,8.0,13657.0,1.0,7.0
South Asia,2023-09-18,17.0,29337.0,3.0,13.0
South Asia,2023-09-25,18.0,32372.0,6.0,12.0
South Asia,2023-10-02,19.0,32878.0,6.0,13.0
South Asia,2023-10-09,17.0,29843.0,5.0,11.0
South Asia,2023-10-16,26.0,45523.0,7.0,18.0
South Asia,2023-10-23,24.0,43247.0,8.0,16.0
South Asia,2023-10-30,19.0,34142.0,5.0,15.0
South Asia,2023-11-06,23.0,40465.0,8.0,15.0
South Asia,2023-11-13,23.0,40465.0,7.0,16.0
South Asia,2023-11-20,26.0,45776.0,9.0,17.0
South Asia,2023-11-27,28.0,49570.0,8.0,20.0
South Asia,2023-12-04,25.0,44259.0,8.0,17.0
South Asia,2023-12-11,25.0,44512.0,6.0,19.0
South Asia,2023-12-18,27.0,47041.0,7.0,20.0
South Asia,2023-12-25,31.0,54122.0,9.0,22.0
South Asia,2024-01-01,39.0,69802.0,18.0,22.0
South Asia,2024-01-08,47.0,82448.0,22.0,25.0
South Asia,2024-01-15,50.0,89276.0,22.0,28.0
South Asia,2024-01-22,50.0,88012.0,21.0,28.0
South Asia,2024-01-29,59.0,103860.0,22.0,37.0
South Asia,2024-02-05,41.0,73174.0,14.0,27.0
South Asia,2024-02-12,40.0,70055.0,13.0,27.0
South Asia,2024-02-19,28.0,49317.0,9.0,19.0
South Asia,2024-02-26,33.0,58169.0,11.0,22.0
South Asia,2024-03-04,39.0,69549.0,13.0,27.0
South Asia,2024-03-11,49.0,86494.0,18.0,31.0
South Asia,2024-03-18,49.0,87506.0,20.0,29.0
South Asia,2024-03-25,52.0,91805.0,22.0,29.0
South Asia,2024-04-01,49.0,86494.0,15.0,34.0
South Asia,2024-04-08,42.0,74608.0,15.0,27.0
South Asia,2024-04-15,43.0,76125.0,13.0,30.0
South Asia,2024-04-22,65.0,115578.0,24.0,42.0
South Asia,2024-04-29,58.0,102174.0,16.0,42.0
South Asia,2024-05-06,55.0,97875.0,17.0,38.0
South Asia,2024-05-13,55.0,96863.0,14.0,41.0
South Asia,2024-05-20,53.0,94334.0,19.0,35.0
South Asia,2024-05-27,52.0,91552.0,18.0,34.0
South Asia,2024-06-03,56.0,99139.0,20.0,36.0
South Asia,2024-06-10,59.0,104451.0,21.0,38.0
South Asia,2024-06-17,42.0,74860.0,12.0,30.0
South Asia,2024-06-24,54.0,94840.0,15.0,38.0
South Asia,2024-07-01,54.0,96357.0,18.0,36.0
South Asia,2024-07-08,59.0,103945.0,19.0,39.0
South Asia,2024-07-15,56.0,98431.0,18.0,38.0
South Asia,2024-07-22,59.0,105209.0,21.0,39.0
South Asia,2024-07-29,54.0,96357.0,20.0,34.0
South Asia,2024-08-05,66.0,116843.0,24.0,42.0
South Asia,2024-08-12,57.0,100404.0,15.0,41.0
South Asia,2024-08-19,62.0,110267.0,22.0,40.0
South Asia,2024-08-26,68.0,120131.0,22.0,46.0
South Asia,2024-09-02,63.0,112291.0,22.0,41.0
South Asia,2024-09-09,62.0,110520.0,23.0,40.0
South Asia,2024-09-16,56.0,98887.0,21.0,35.0
South Asia,2024-09-23,64.0,112544.0,25.0,39.0
South Asia,2024-09-30,60.0,106221.0,25.0,35.0
South Asia,2024-10-07,61.0,108750.0,21.0,40.0
South Asia,2024-10-14,61.0,107738.0,24.0,37.0
South Asia,2024-10-21,46.0,81183.0,16.0,30.0
South Asia,2024-10-28,60.0,106727.0,22.0,38.0
South Asia,2024-11-04,57.0,101416.0,21.0,37.0
South Asia,2024-11-11,58.0,101921.0,16.0,42.0
South Asia,2024-11-18,43.0,76884.0,13.0,30.0
South Asia,2024-11-25,49.0,85988.0,15.0,34.0
South Asia,2024-12-02,60.0,106474.0,16.0,44.0
South Asia,2024-12-09,60.0,106980.0,20.0,40.0
South Asia,2024-12-16,75.0,132017.0,28.0,47.0
South Asia,2024-12-23,87.0,154273.0,36.0,52.0
South Asia,2024-12-30,85.0,150480.0,37.0,48.0
South Asia,2025-01-06,79.0,140110.0,37.0,43.0
South Asia,2025-01-13,87.0,153666.0,38.0,49.0
South Asia,2025-01-20,98.0,173747.0,49.0,49.0
South Asia,2025-01-27,118.0,208395.0,63.0,54.0
South Asia,2025-02-03,104.0,183357.0,54.0,49.0
South Asia,2025-02-10,97.0,172230.0,52.0,45.0
South Asia,2025-02-17,128.0,226604.0,77.0,51.0
South Asia,2025-02-24,115.0,204096.0,70.0,45.0
South Asia,2025-03-03,119.0,210671.0,68.0,51.0
South Asia,2025-03-10,125.0,221041.0,75.0,50.0
South Asia,2025-03-17,143.0,253666.0,87.0,56.0
South Asia,2025-03-24,130.0,230145.0,81.0,49.0
South Asia,2025-03-31,100.0,176276.0,57.0,43.0
South Asia,2025-04-07,107.0,189427.0,65.0,42.0
South Asia,2025-04-14,102.0,180828.0,61.0,41.0
South Asia,2025-04-21,54.0,94840.0,24.0,29.0
South Asia,2025-04-28,55.0,97622.0,29.0,27.0
South Asia,2025-05-05,55.0,97116.0,29.0,26.0
South Asia,2025-05-12,92.0,162366.0,42.0,49.0
South Asia,2025-05-19,94.0,166118.0,43.0,51.0
South Asia,2025-05-26,112.0,197520.0,59.0,52.0
South Asia,2025-06-02,127.0,225087.0,65.0,62.0
South Asia,2025-06-09,115.0,203843.0,66.0,49.0
South Asia,2025-06-16,83.0,146433.0,34.0,49.0
South Asia,2025-06-23,81.0,143651.0,35.0,46.0
South Asia,2025-06-30,70.0,124177.0,29.0,41.0
South Asia,2025-07-07,76.0,135052.0,33.0,44.0
South Asia,2025-07-14,74.0,131259.0,30.0,44.0
South Asia,2025-07-21,63.0,111279.0,25.0,38.0
South Asia,2025-07-28,61.0,108497.0,26.0,36.0
South Asia,2025-08-04,62.0,110267.0,27.0,36.0
South Asia,2025-08-11,85.0,150985.0,47.0,38.0
South Asia,2025-08-18,106.0,186898.0,62.0,43.0
South Asia,2025-08-25,115.0,203337.0,65.0,49.0
South Asia,2025-09-01,120.0,212948.0,67.0,53.0
South Asia,2025-09-08,122.0,215224.0,68.0,54.0
South Asia,2025-09-15,116.0,205360.0,64.0,52.0
South Asia,2025-09-22,129.0,228122.0,66.0,63.0
South Asia,2025-09-29,120.0,211683.0,62.0,58.0
South Asia,2025-10-06,109.0,192462.0,59.0,49.0
South Asia,2025-10-13,100.0,177793.0,50.0,51.0
South Asia,2025-10-20,100.0,177035.0,55.0,45.0
South Asia,2025-10-27,107.0,190186.0,66.0,42.0
South Asia,2025-11-03,116.0,204602.0,66.0,49.0
South Asia,2025-11-10,108.0,190692.0,51.0,56.0
South Asia,2025-11-17,99.0,175770.0,56.0,43.0
South Asia,2025-11-24,88.0,156296.0,47.0,41.0
South Asia,2025-12-01,66.0,117096.0,26.0,40.0
South Asia,2025-12-08,75.0,133282.0,32.0,43.0
South Asia,2025-12-15,91.0,160596.0,43.0,47.0
South Asia,2025-12-22,90.0,159584.0,34.0,57.0
South Asia,2025-12-29,88.0,156549.0,38.0,50.0
South Asia,2026-01-05,106.0,188163.0,52.0,54.0
South Asia,2026-01-12,112.0,198279.0,57.0,55.0
South Asia,2026-01-19,105.0,186645.0,52.0,54.0
South Asia,2026-01-26,105.0,185128.0,49.0,56.0
South Asia,2026-02-02,103.0,182599.0,50.0,53.0
South Asia,2026-02-09,102.0,180070.0,50.0,52.0
South Asia,2026-02-16,95.0,168689.0,46.0,49.0
South Asia,2026-02-23,95.0,168183.0,46.0,49.0
South Asia,2026-03-02,102.0,181081.0,57.0,45.0
South Asia,2026-03-09,140.0,247849.0,77.0,63.0
South Asia,2026-03-16,126.0,223823.0,68.0,58.0
South Asia,2026-03-23,158.0,279209.0,95.0,63.0
South Asia,2026-03-30,138.0,245067.0,85.0,53.0
South Asia,2026-04-06,120.0,212948.0,66.0,54.0
South Asia,2026-04-13,98.0,172988.0,43.0,55.0
South Asia,2026-04-20,140.0,246963.0,82.0,57.0
South Asia,2026-04-27,135.0,239250.0,80.0,55.0
South Asia,2026-05-04,146.0,259356.0,83.0,64.0
